id_cliente,renda_mensal_rs,score_credito,valor_emprestimo_rs,prazo_meses,tipo_contrato,status_pagamento
5001,6530.74,650,36778.39,60,Imobiliário,Adimplente
5002,9569.99,727,28298.95,12,CDC,Adimplente
5003,5325.79,949,8309.27,60,CDC,Adimplente
5004,1889.12,528,19211.9,36,Consignado,Inadimplente
5005,5401.81,509,23285.6,24,Cartão Crédito,Adimplente
5006,,730,4730.65,24,Cartão Crédito,Inadimplente
5007,7235.38,593,33558.07,36,Consignado,Adimplente
5008,7605.37,881,22255.18,48,CDC,Adimplente
5009,8592.73,403,8312.86,12,Imobiliário,Inadimplente
5010,3371.31,503,7633.92,12,Cartão Crédito,Inadimplente
5011,5689.08,352,38207.97,24,Consignado,Adimplente
5012,2593.11,674,20430.24,24,Imobiliário,Adimplente
5013,27111.78,353,39284.22,24,Consignado,Inadimplente
5014,2174.72,575,43865.87,36,Consignado,Inadimplente
5015,1535.58,634,37269.38,48,Consignado,Inadimplente
5016,2063.91,330,18598.82,12,CDC,Adimplente
5017,6734.39,434,1000.0,60,CDC,Inadimplente
5018,3572.02,357,28755.96,36,Consignado,Inadimplente
5019,3576.56,404,50098.92,12,Cartão Crédito,Adimplente
5020,12355.61,565,24575.32,48,Imobiliário,Adimplente
5021,10324.11,821,1122.21,36,Cartão Crédito,Adimplente
5022,,795,16901.46,12,CDC,Inadimplente
5023,2320.86,552,22795.2,36,Imobiliário,Adimplente
5024,8104.68,594,11824.14,12,Consignado,Adimplente
5025,9776.32,457,1000.0,12,Cartão Crédito,Inadimplente
5026,4230.02,848,23825.79,48,Cartão Crédito,Adimplente
5027,4974.44,930,15581.49,60,Consignado,Adimplente
5028,2539.3,366,46272.3,48,Cartão Crédito,Inadimplente
5029,7147.11,598,26212.4,12,CDC,Adimplente
5030,5000.02,762,30634.95,36,Consignado,Adimplente
5031,3950.7,400,23570.97,48,Cartão Crédito,Adimplente
5032,1716.97,355,26124.8,60,Consignado,Adimplente
5033,10166.58,631,5172.41,12,Imobiliário,Adimplente
5034,4844.9,692,12518.0,48,Consignado,Adimplente
5035,2249.17,680,38063.38,48,Cartão Crédito,Inadimplente
5036,4763.35,391,27513.54,48,CDC,Adimplente
5037,5460.38,746,20217.92,48,Consignado,Adimplente
5038,4111.22,408,30834.05,36,Consignado,Inadimplente
5039,5931.73,616,31070.34,60,Cartão Crédito,Adimplente
5040,4548.39,467,48890.74,60,CDC,Inadimplente
5041,11832.32,734,26956.8,12,CDC,Adimplente
5042,1693.17,741,12249.91,24,Imobiliário,Inadimplente
5043,1893.14,517,23611.64,36,Imobiliário,Inadimplente
5044,2167.67,521,32290.79,12,Cartão Crédito,Adimplente
5045,5601.07,827,36947.91,12,CDC,Adimplente
5046,5130.61,577,5619.62,48,CDC,Adimplente
5047,9291.59,868,28044.48,24,Imobiliário,Adimplente
5048,6120.17,873,14232.94,24,Imobiliário,Adimplente
5049,3985.0,765,18200.42,36,Cartão Crédito,Adimplente
5050,18326.27,901,35150.08,24,CDC,Adimplente
5051,2582.88,883,33954.98,12,Consignado,Adimplente
5052,7768.18,329,16862.17,24,Imobiliário,Inadimplente
5053,3447.76,658,23105.9,24,Cartão Crédito,Adimplente
5054,5161.75,587,18567.02,60,CDC,Adimplente
5055,6047.44,385,59700.44,12,CDC,Adimplente
5056,5015.58,533,28340.3,24,Imobiliário,Inadimplente
5057,2029.95,612,14926.22,24,Cartão Crédito,Inadimplente
5058,3547.86,664,40866.01,48,Consignado,Adimplente
5059,4384.89,568,41289.54,24,Imobiliário,Adimplente
5060,8117.68,430,46500.05,24,Cartão Crédito,Inadimplente
5061,3552.23,650,50055.92,60,CDC,Adimplente
5062,10285.67,479,33492.58,12,Consignado,Adimplente
5063,3531.7,779,20801.78,36,Cartão Crédito,Adimplente
5064,4285.3,462,22568.6,12,Consignado,Inadimplente
5065,7068.63,395,21495.1,48,Cartão Crédito,Adimplente
5066,4561.91,809,20154.94,12,Cartão Crédito,Adimplente
5067,12785.2,664,39879.24,24,Cartão Crédito,Adimplente
5068,5279.29,652,25008.65,48,Cartão Crédito,Adimplente
5069,4088.7,735,36657.06,12,Consignado,Adimplente
5070,1583.56,382,33118.2,48,Imobiliário,Inadimplente
5071,3368.93,524,11816.14,36,Consignado,Inadimplente
5072,2744.61,711,4393.88,12,Cartão Crédito,Adimplente
5073,6325.61,417,10160.04,24,Consignado,Adimplente
5074,2317.41,781,19879.52,48,Consignado,Inadimplente
5075,2303.92,491,26611.94,60,Consignado,Inadimplente
5076,2235.45,890,17220.4,48,Cartão Crédito,Inadimplente
5077,1969.82,889,33436.78,60,Consignado,Adimplente
5078,2803.83,406,18667.78,24,CDC,Inadimplente
5079,9098.06,681,28083.49,36,Cartão Crédito,Adimplente
5080,6719.68,689,26410.98,60,Consignado,Adimplente
5081,6151.41,543,45813.2,36,CDC,Inadimplente
5082,7086.73,884,13297.11,48,Consignado,Adimplente
5083,2598.7,767,51501.03,24,Imobiliário,Adimplente
5084,9144.99,837,17867.8,60,Consignado,Adimplente
5085,2016.92,509,8919.32,48,Consignado,Inadimplente
5086,,903,22397.02,12,Imobiliário,Inadimplente
5087,4592.94,936,63881.67,48,Cartão Crédito,Adimplente
5088,1880.08,372,35742.46,36,Imobiliário,Inadimplente
5089,6084.35,934,32235.57,24,Cartão Crédito,Adimplente
5090,3214.27,608,34542.24,24,Imobiliário,Adimplente
5091,6870.25,889,15764.88,48,Consignado,Adimplente
5092,3876.64,485,28912.53,12,Consignado,Adimplente
5093,2198.31,552,25030.03,36,Cartão Crédito,Inadimplente
5094,6144.94,312,46708.8,48,Cartão Crédito,Inadimplente
5095,,598,23695.75,48,CDC,Inadimplente
5096,3862.27,375,20460.68,24,CDC,Adimplente
5097,,350,11022.41,36,Consignado,Adimplente
5098,4866.95,448,26680.17,12,Consignado,Inadimplente
5099,5336.66,421,28515.42,24,CDC,Inadimplente
5100,3165.65,510,10580.94,48,CDC,Inadimplente
5101,12309.22,579,30437.96,24,Cartão Crédito,Adimplente
5102,8754.85,837,27798.15,24,Imobiliário,Adimplente
5103,5807.8,455,37161.35,60,Cartão Crédito,Inadimplente
5104,5876.92,537,39548.42,24,CDC,Inadimplente
5105,2518.11,675,26131.35,24,Consignado,Adimplente
5106,5243.2,381,12563.62,36,CDC,Adimplente
5107,2273.16,791,15032.54,24,Consignado,Inadimplente
5108,2044.21,655,46145.53,12,Consignado,Inadimplente
5109,27885.34,572,26985.87,48,Consignado,Adimplente
5110,4908.5,879,45953.85,36,Consignado,Adimplente
5111,3473.49,343,30983.26,24,Imobiliário,Adimplente
5112,2689.68,872,34044.83,12,CDC,Adimplente
5113,4741.49,422,36264.68,48,Cartão Crédito,Inadimplente
5114,1678.03,648,10322.33,36,Consignado,Adimplente
5115,1848.14,629,28683.41,12,Consignado,Inadimplente
5116,1616.93,708,10156.01,24,Cartão Crédito,Inadimplente
5117,3920.21,622,21581.05,60,Cartão Crédito,Adimplente
5118,4712.33,410,32682.04,60,Consignado,Inadimplente
5119,1725.81,388,12695.99,36,Cartão Crédito,Inadimplente
5120,5970.72,732,31712.05,12,Cartão Crédito,Adimplente
5121,2416.57,398,7019.57,48,Imobiliário,Adimplente
5122,,838,38719.84,12,Cartão Crédito,Inadimplente
5123,15540.9,900,17026.75,60,CDC,Adimplente
5124,5611.65,445,12674.59,36,CDC,Inadimplente
5125,9015.31,556,7775.73,24,CDC,Adimplente
5126,11861.18,488,18047.75,12,Consignado,Inadimplente
5127,3834.48,539,2108.66,60,CDC,Adimplente
5128,5741.14,802,18419.21,48,Imobiliário,Adimplente
5129,8186.17,570,38193.84,36,CDC,Adimplente
5130,3043.51,819,22735.46,24,Consignado,Adimplente
5131,2560.48,849,10869.78,12,Imobiliário,Adimplente
5132,11754.71,413,27715.16,48,CDC,Inadimplente
5133,6035.07,638,26654.75,24,Imobiliário,Adimplente
5134,2368.19,867,48479.32,60,Imobiliário,Inadimplente
5135,3586.6,658,34488.65,60,Consignado,Adimplente
5136,7071.48,949,28667.18,48,Consignado,Adimplente
5137,4272.01,913,35860.8,60,Imobiliário,Adimplente
5138,5173.9,633,23387.43,36,CDC,Adimplente
5139,6405.19,468,24095.04,48,Consignado,Inadimplente
5140,4905.1,638,44907.28,60,Imobiliário,Adimplente
5141,4218.45,560,5373.05,12,Cartão Crédito,Adimplente
5142,6346.63,498,36615.35,60,Cartão Crédito,Inadimplente
5143,6051.22,510,23670.5,36,Consignado,Inadimplente
5144,4978.68,586,21502.13,24,CDC,Adimplente
5145,3060.85,771,18365.25,24,Cartão Crédito,Adimplente
5146,,781,26844.09,60,Cartão Crédito,Inadimplente
5147,13824.49,322,24477.65,24,Cartão Crédito,Inadimplente
5148,1917.26,859,20023.57,60,CDC,Inadimplente
5149,2594.33,408,16568.11,36,CDC,Inadimplente
5150,3873.23,595,2136.03,24,Consignado,Adimplente
5151,,305,16314.36,12,Consignado,Adimplente
5152,2125.59,849,18852.46,60,Cartão Crédito,Inadimplente
5153,2634.99,502,26814.77,24,CDC,Inadimplente
5154,1738.22,624,48557.03,36,Imobiliário,Inadimplente
5155,5784.44,543,17608.53,36,Cartão Crédito,Inadimplente
5156,2452.29,626,12715.23,12,Consignado,Inadimplente
5157,3222.44,346,16426.05,36,CDC,Inadimplente
5158,3552.58,890,26840.14,36,Consignado,Adimplente
5159,9267.52,921,32063.63,24,Consignado,Adimplente
5160,3354.62,312,33740.14,60,CDC,Inadimplente
5161,2049.21,679,34932.5,48,Cartão Crédito,Adimplente
5162,4100.5,664,36630.77,36,CDC,Adimplente
5163,13034.96,901,21653.4,36,Cartão Crédito,Adimplente
5164,4774.92,641,49637.68,48,Consignado,Adimplente
5165,15841.54,520,20742.78,36,CDC,Inadimplente
5166,7938.34,372,26312.09,24,Imobiliário,Inadimplente
5167,1628.2,924,40549.92,24,Cartão Crédito,Inadimplente
5168,5259.4,345,31797.1,48,Imobiliário,Inadimplente
5169,2682.81,803,1000.0,36,Cartão Crédito,Adimplente
5170,4370.39,573,25067.63,36,CDC,Adimplente
5171,2646.58,854,35343.58,60,Imobiliário,Adimplente
5172,3001.66,507,8878.36,36,CDC,Adimplente
5173,10481.5,914,34008.31,24,Cartão Crédito,Adimplente
5174,2310.19,423,29681.85,12,Cartão Crédito,Adimplente
5175,8753.19,309,39207.05,12,Cartão Crédito,Inadimplente
5176,1608.26,628,16696.82,12,Cartão Crédito,Inadimplente
5177,1833.46,486,36950.72,12,Consignado,Adimplente
5178,8250.74,842,26915.3,36,Cartão Crédito,Adimplente
5179,4985.15,359,46192.6,36,Imobiliário,Inadimplente
5180,6313.55,741,58432.6,60,Cartão Crédito,Adimplente
5181,2322.45,516,43459.97,36,CDC,Inadimplente
5182,4195.73,301,30766.22,12,Consignado,Inadimplente
5183,6177.52,835,52852.05,48,Imobiliário,Adimplente
5184,4954.57,655,32241.74,48,Consignado,Adimplente
5185,3733.31,925,14104.65,24,Consignado,Adimplente
5186,12747.2,464,24528.72,24,Consignado,Adimplente
5187,5446.24,390,34140.07,36,CDC,Inadimplente
5188,9841.42,466,34911.45,48,Consignado,Inadimplente
5189,6079.69,506,11496.82,12,Consignado,Adimplente
5190,6154.22,581,11877.61,12,Cartão Crédito,Adimplente
5191,1791.91,364,20904.28,12,CDC,Inadimplente
5192,3059.08,815,31414.52,36,Imobiliário,Adimplente
5193,8340.87,456,32950.75,36,Imobiliário,Inadimplente
5194,2426.63,605,26695.66,60,Imobiliário,Inadimplente
5195,1929.59,694,14986.86,12,CDC,Inadimplente
5196,2881.39,373,45843.32,12,Imobiliário,Adimplente
5197,2371.58,486,12135.3,36,CDC,Inadimplente
5198,10579.41,873,40628.09,36,Cartão Crédito,Adimplente
5199,8586.45,636,33865.88,60,Cartão Crédito,Adimplente
5200,3923.8,867,40363.99,60,CDC,Adimplente
5201,1721.57,922,19666.8,24,Imobiliário,Adimplente
5202,5888.06,539,23288.15,48,CDC,Inadimplente
5203,4918.11,832,25660.51,12,CDC,Adimplente
5204,13838.27,440,19283.23,12,Consignado,Inadimplente
5205,4365.12,564,27703.1,60,CDC,Adimplente
5206,2935.23,438,43949.07,60,Consignado,Inadimplente
5207,4061.77,758,9437.99,24,Cartão Crédito,Adimplente
5208,15065.47,369,17113.46,48,Consignado,Adimplente
5209,5671.72,684,15811.06,24,CDC,Adimplente
5210,5401.34,929,23866.98,48,Cartão Crédito,Adimplente
5211,2463.67,497,23373.68,12,Consignado,Adimplente
5212,6263.59,504,34267.78,24,CDC,Inadimplente
5213,6355.84,867,25404.68,60,Cartão Crédito,Adimplente
5214,2835.89,939,28634.6,24,Consignado,Adimplente
5215,3813.83,730,29781.38,24,CDC,Adimplente
5216,2721.48,624,27944.85,12,CDC,Adimplente
5217,2547.75,741,33439.76,60,Imobiliário,Adimplente
5218,,587,23532.12,60,Imobiliário,Inadimplente
5219,2675.19,525,44756.42,36,Consignado,Inadimplente
5220,4325.79,363,55499.44,36,Consignado,Adimplente
5221,1505.61,859,33474.77,36,Consignado,Inadimplente
5222,2665.45,797,27735.89,12,CDC,Adimplente
5223,8962.3,359,32494.99,24,Consignado,Inadimplente
5224,4651.88,696,11787.6,60,CDC,Adimplente
5225,4776.5,556,27161.27,60,Consignado,Adimplente
5226,3307.57,876,16224.1,24,CDC,Adimplente
5227,5449.65,538,31119.72,60,CDC,Inadimplente
5228,2237.23,337,16283.69,24,Imobiliário,Adimplente
5229,7477.51,324,20862.67,12,Cartão Crédito,Inadimplente
5230,1934.27,709,2536.35,12,CDC,Adimplente
5231,5234.91,760,10921.05,12,Consignado,Adimplente
5232,2960.4,870,29258.49,24,Imobiliário,Adimplente
5233,6317.38,716,14573.85,24,Consignado,Adimplente
5234,4292.95,656,37765.29,48,Consignado,Adimplente
5235,,682,13553.33,60,CDC,Inadimplente
5236,2149.72,457,30439.05,60,CDC,Inadimplente
5237,5045.01,868,15857.49,48,Cartão Crédito,Adimplente
5238,14379.0,732,29625.64,48,CDC,Adimplente
5239,7612.48,347,6582.55,12,CDC,Adimplente
5240,1716.59,627,19561.8,48,Cartão Crédito,Inadimplente
5241,3151.9,732,14845.44,24,Consignado,Adimplente
5242,10593.25,730,35598.79,36,Cartão Crédito,Adimplente
5243,3947.39,355,30547.15,24,Cartão Crédito,Inadimplente
5244,5297.64,876,10209.09,48,Cartão Crédito,Adimplente
5245,10030.38,567,22561.83,60,Imobiliário,Adimplente
5246,,368,15732.19,24,Consignado,Adimplente
5247,3938.78,900,36403.09,60,Imobiliário,Adimplente
5248,3514.68,748,40258.29,24,Imobiliário,Adimplente
5249,,556,7700.26,60,CDC,Inadimplente
5250,5943.14,789,34920.44,24,Cartão Crédito,Adimplente
5251,2683.89,942,15120.45,60,Cartão Crédito,Adimplente
5252,2506.36,348,21965.0,36,Imobiliário,Inadimplente
5253,3041.56,615,25387.05,12,CDC,Adimplente
5254,2182.71,712,46799.27,24,CDC,Inadimplente
5255,5657.43,733,12953.8,36,CDC,Adimplente
5256,4852.09,301,35017.0,12,Consignado,Inadimplente
5257,3808.17,444,10941.95,24,Imobiliário,Adimplente
5258,3231.91,665,10112.88,36,Consignado,Adimplente
5259,9891.54,719,25341.56,36,CDC,Adimplente
5260,1603.45,872,25260.75,36,CDC,Inadimplente
5261,6630.31,860,1000.0,48,CDC,Adimplente
5262,9626.53,743,38915.16,60,Cartão Crédito,Adimplente
5263,3569.31,733,1000.0,12,Imobiliário,Adimplente
5264,4300.15,942,23248.75,60,Cartão Crédito,Adimplente
5265,11617.51,854,40931.39,60,Consignado,Adimplente
5266,2335.13,356,51510.21,60,Cartão Crédito,Adimplente
5267,4069.88,861,20643.4,36,Imobiliário,Adimplente
5268,3753.39,477,7804.61,60,Cartão Crédito,Inadimplente
5269,2546.27,592,40486.58,48,CDC,Adimplente
5270,7474.55,345,35381.88,24,Consignado,Adimplente
5271,9545.1,469,19132.09,36,Consignado,Inadimplente
5272,6830.33,570,17611.15,12,CDC,Adimplente
5273,2260.76,716,16391.29,24,CDC,Inadimplente
5274,1817.6,438,20864.96,24,CDC,Inadimplente
5275,4754.98,546,28792.82,24,Imobiliário,Inadimplente
5276,1705.76,447,18207.83,60,Cartão Crédito,Inadimplente
5277,5410.42,529,19725.04,60,Consignado,Inadimplente
5278,4145.74,936,32695.35,36,Cartão Crédito,Adimplente
5279,5304.63,673,7211.03,60,CDC,Adimplente
5280,4622.05,379,20488.77,60,CDC,Adimplente
5281,3422.89,905,4888.71,60,Cartão Crédito,Adimplente
5282,2284.84,364,26300.95,36,Consignado,Adimplente
5283,2776.99,387,1727.14,36,Imobiliário,Inadimplente
5284,4101.86,387,35680.12,48,Cartão Crédito,Inadimplente
5285,5193.11,503,9224.35,48,CDC,Inadimplente
5286,6791.23,681,3729.06,48,CDC,Adimplente
5287,6601.07,900,20636.64,48,Imobiliário,Adimplente
5288,14101.6,775,45533.29,24,Cartão Crédito,Adimplente
5289,2678.28,872,33534.31,24,Imobiliário,Adimplente
5290,1758.18,905,1932.23,48,Imobiliário,Inadimplente
5291,2984.43,838,8882.5,48,Consignado,Adimplente
5292,6259.39,513,20252.8,12,Consignado,Inadimplente
5293,3517.58,373,51860.24,24,CDC,Inadimplente
5294,7459.05,360,13732.55,12,Cartão Crédito,Inadimplente
5295,4289.54,842,13829.38,12,Consignado,Adimplente
5296,10797.01,518,43329.15,60,CDC,Inadimplente
5297,11838.61,311,27338.89,36,Cartão Crédito,Adimplente
5298,1751.38,714,37636.0,24,CDC,Adimplente
5299,3633.48,331,16274.81,48,Consignado,Adimplente
5300,4792.84,459,23780.37,48,CDC,Inadimplente
5301,2534.4,536,40787.58,36,Cartão Crédito,Inadimplente
5302,3329.42,480,23261.91,24,Cartão Crédito,Inadimplente
5303,5462.75,857,38476.64,48,CDC,Adimplente
5304,,640,29647.21,48,Cartão Crédito,Inadimplente
5305,4724.4,757,12524.45,60,CDC,Adimplente
5306,5684.26,379,24804.19,12,Cartão Crédito,Adimplente
5307,1832.0,946,36776.61,48,CDC,Adimplente
5308,3908.76,772,33032.99,24,CDC,Adimplente
5309,2568.47,411,24516.97,36,CDC,Inadimplente
5310,6010.64,591,2299.43,60,Imobiliário,Adimplente
5311,2235.6,930,3448.1,24,Cartão Crédito,Inadimplente
5312,9297.4,682,6000.33,60,Consignado,Adimplente
5313,3473.2,316,18874.69,12,CDC,Adimplente
5314,2272.28,792,20474.59,48,Imobiliário,Inadimplente
5315,3517.02,630,7295.06,24,Consignado,Adimplente
5316,3339.27,785,37270.15,36,CDC,Adimplente
5317,3460.78,705,9834.77,12,Consignado,Adimplente
5318,4582.91,416,8553.29,12,Imobiliário,Inadimplente
5319,4077.46,854,26058.83,60,Consignado,Adimplente
5320,2067.9,414,36686.86,12,CDC,Inadimplente
5321,1737.4,848,49658.26,24,Consignado,Inadimplente
5322,6075.1,924,31990.54,60,Consignado,Adimplente
5323,4371.18,846,43957.96,12,CDC,Adimplente
5324,3056.54,943,10455.32,36,Imobiliário,Adimplente
5325,7282.44,635,50916.87,24,Imobiliário,Adimplente
5326,3218.91,635,2662.19,36,Consignado,Adimplente
5327,7063.12,446,18953.93,36,Cartão Crédito,Inadimplente
5328,2777.26,421,31727.83,60,Consignado,Inadimplente
5329,1764.72,380,5737.4,48,Cartão Crédito,Inadimplente
5330,10941.95,674,13875.4,60,Consignado,Adimplente
5331,3256.25,869,11968.93,24,Imobiliário,Adimplente
5332,7007.43,362,21277.35,24,Consignado,Inadimplente
5333,2645.61,803,42058.99,60,Consignado,Adimplente
5334,5138.22,748,25201.9,48,Cartão Crédito,Adimplente
5335,8731.07,727,19443.23,60,Imobiliário,Adimplente
5336,1648.88,726,1000.0,24,Cartão Crédito,Inadimplente
5337,7714.96,720,30601.06,48,Consignado,Adimplente
5338,4464.76,621,34480.18,24,CDC,Adimplente
5339,4773.01,465,4599.76,48,Consignado,Adimplente
5340,4092.0,896,24196.33,48,Consignado,Adimplente
5341,8763.38,948,27316.1,60,Cartão Crédito,Adimplente
5342,1655.42,760,36575.22,60,CDC,Adimplente
5343,,758,16302.78,60,CDC,Adimplente
5344,8799.46,488,14495.68,48,Cartão Crédito,Inadimplente
5345,6385.03,763,19522.03,48,Imobiliário,Adimplente
5346,1562.31,678,40413.24,24,CDC,Inadimplente
5347,4047.13,301,37526.15,36,CDC,Adimplente
5348,4139.4,917,24743.86,60,Cartão Crédito,Adimplente
5349,3293.04,663,37237.32,24,Imobiliário,Adimplente
5350,2735.35,371,1000.0,24,Imobiliário,Inadimplente
5351,5506.94,726,34499.85,12,Consignado,Adimplente
5352,2315.25,937,11574.81,60,Consignado,Inadimplente
5353,,469,46204.29,24,Cartão Crédito,Adimplente
5354,7186.59,504,12229.06,12,Imobiliário,Inadimplente
5355,3378.07,636,14766.85,60,Cartão Crédito,Adimplente
5356,2667.05,771,31749.08,48,Consignado,Adimplente
5357,2668.67,494,32907.45,12,Cartão Crédito,Inadimplente
5358,3804.2,574,19644.02,48,Cartão Crédito,Adimplente
5359,5950.12,306,29456.85,36,CDC,Inadimplente
5360,3055.82,865,30944.56,36,CDC,Adimplente
5361,4796.02,915,29717.38,36,CDC,Adimplente
5362,3187.18,872,20145.34,36,Consignado,Adimplente
5363,2771.05,898,31062.53,24,Cartão Crédito,Adimplente
5364,,477,41876.44,36,CDC,Inadimplente
5365,1513.73,541,10294.14,24,CDC,Inadimplente
5366,2402.11,502,14919.28,24,CDC,Inadimplente
5367,3325.46,842,25327.07,60,Consignado,Adimplente
5368,8169.47,761,12325.31,24,Consignado,Adimplente
5369,7106.61,379,3359.16,24,Cartão Crédito,Inadimplente
5370,2587.92,822,38117.48,36,Cartão Crédito,Adimplente
5371,2481.5,716,1000.0,24,Cartão Crédito,Inadimplente
5372,2402.63,683,20171.41,48,CDC,Inadimplente
5373,2950.26,690,34107.33,36,Imobiliário,Adimplente
5374,3913.43,425,28200.4,12,Consignado,Inadimplente
5375,3521.05,793,20353.01,36,CDC,Adimplente
5376,2361.87,346,11830.73,24,CDC,Adimplente
5377,1989.23,775,29126.41,48,Cartão Crédito,Inadimplente
5378,1544.3,918,13139.27,36,Cartão Crédito,Inadimplente
5379,2085.17,763,28191.19,48,CDC,Inadimplente
5380,5776.96,422,26691.01,12,Consignado,Inadimplente
5381,2477.33,773,26812.39,12,Consignado,Inadimplente
5382,3712.85,433,17316.17,60,CDC,Inadimplente
5383,,918,49420.11,60,Imobiliário,Adimplente
5384,9126.36,861,29298.48,36,Imobiliário,Adimplente
5385,9189.22,906,21655.49,60,Consignado,Adimplente
5386,6292.81,322,28171.25,48,Cartão Crédito,Inadimplente
5387,1625.26,865,15706.46,60,Imobiliário,Inadimplente
5388,4495.41,534,20364.35,48,Imobiliário,Inadimplente
5389,6905.78,358,53703.04,60,Cartão Crédito,Inadimplente
5390,1561.04,463,15791.43,60,Imobiliário,Inadimplente
5391,4292.32,515,24066.73,60,CDC,Inadimplente
5392,8325.94,482,19526.74,24,Imobiliário,Inadimplente
5393,,868,12524.39,24,Cartão Crédito,Adimplente
5394,1514.4,389,30053.02,60,CDC,Inadimplente
5395,1538.76,610,25437.67,48,Imobiliário,Adimplente
5396,3386.3,856,35932.33,36,Consignado,Adimplente
5397,2089.5,556,34726.94,12,CDC,Inadimplente
5398,5321.95,832,35808.49,24,CDC,Adimplente
5399,5818.1,832,13981.56,60,Consignado,Adimplente
5400,2185.54,351,32691.53,12,Consignado,Inadimplente
5401,9179.1,637,32983.26,24,Imobiliário,Adimplente
5402,3541.31,470,12747.24,36,Imobiliário,Inadimplente
5403,2039.48,366,21176.61,48,Cartão Crédito,Inadimplente
5404,6557.47,924,7526.65,60,Cartão Crédito,Adimplente
5405,6961.84,599,33035.47,36,CDC,Adimplente
5406,5068.94,531,32980.27,24,Consignado,Inadimplente
5407,8221.73,367,42164.35,60,Consignado,Inadimplente
5408,6179.57,805,22254.42,12,Cartão Crédito,Adimplente
5409,8985.85,327,30417.64,48,CDC,Inadimplente
5410,3491.37,927,36852.82,24,CDC,Adimplente
5411,6318.55,350,15953.3,48,Cartão Crédito,Inadimplente
5412,30551.13,559,14128.42,60,Cartão Crédito,Adimplente
5413,6017.57,890,16325.38,36,Cartão Crédito,Adimplente
5414,1924.36,919,20808.45,48,Imobiliário,Inadimplente
5415,4056.65,885,14553.35,12,CDC,Adimplente
5416,4598.03,483,16842.07,24,CDC,Inadimplente
5417,2169.95,322,35570.98,12,CDC,Adimplente
5418,13028.69,428,23843.84,48,Cartão Crédito,Inadimplente
5419,,590,28680.38,36,Cartão Crédito,Inadimplente
5420,2184.17,800,18391.4,36,Cartão Crédito,Inadimplente
5421,10134.75,485,17603.61,12,Cartão Crédito,Inadimplente
5422,3690.55,778,28426.67,60,Consignado,Adimplente
5423,1728.46,870,26512.75,60,Cartão Crédito,Inadimplente
5424,4691.19,791,34335.84,36,Imobiliário,Adimplente
5425,4723.03,812,40619.12,12,Consignado,Adimplente
5426,1733.36,942,16703.05,12,Consignado,Inadimplente
5427,14080.36,366,35334.21,12,Cartão Crédito,Adimplente
5428,4248.65,766,12042.33,48,CDC,Adimplente
5429,4371.81,584,49885.34,60,Cartão Crédito,Adimplente
5430,4069.73,900,15564.35,60,CDC,Adimplente
5431,4802.2,716,33287.57,48,Cartão Crédito,Adimplente
5432,2574.26,399,11953.12,24,Cartão Crédito,Inadimplente
5433,2685.14,488,23174.91,48,CDC,Adimplente
5434,4006.3,687,43548.8,12,CDC,Adimplente
5435,7252.04,540,15187.55,48,CDC,Inadimplente
5436,1679.03,716,51450.23,12,CDC,Inadimplente
5437,4736.93,475,24936.69,36,Imobiliário,Inadimplente
5438,7253.71,686,36708.55,12,CDC,Adimplente
5439,2097.42,770,29835.33,60,Cartão Crédito,Inadimplente
5440,1552.98,532,30484.48,48,Cartão Crédito,Inadimplente
5441,2812.51,751,7886.64,12,Imobiliário,Adimplente
5442,4604.78,576,19325.77,24,CDC,Adimplente
5443,2020.9,528,39351.72,36,Cartão Crédito,Inadimplente
5444,3443.69,470,20868.15,24,Imobiliário,Adimplente
5445,4312.88,512,26665.98,24,Cartão Crédito,Inadimplente
5446,,581,6430.93,24,Imobiliário,Adimplente
5447,2622.7,340,18549.08,36,Imobiliário,Inadimplente
5448,3288.06,421,38476.47,36,Consignado,Inadimplente
5449,6773.12,526,9608.45,36,Consignado,Inadimplente
5450,11418.52,593,33604.95,36,CDC,Adimplente
