data_hora,faturamento_milhares_reais,num_pedidos,ticket_medio_reais,visitas_site
2026-01-01 00:00:00,51.74,254,203.7,4437
2026-01-01 01:00:00,51.62,246,209.84,4399
2026-01-01 02:00:00,56.34,254,221.81,4414
2026-01-01 03:00:00,61.09,265,230.53,4708
2026-01-01 04:00:00,56.25,264,213.07,4373
2026-01-01 05:00:00,57.08,263,217.03,4777
2026-01-01 06:00:00,63.74,300,212.47,5400
2026-01-01 07:00:00,60.66,282,215.11,4913
2026-01-01 08:00:00,55.57,266,208.91,4920
2026-01-01 09:00:00,57.87,252,229.64,4724
2026-01-01 10:00:00,52.73,257,205.18,4304
2026-01-01 11:00:00,50.83,232,219.09,4023
2026-01-01 12:00:00,51.27,262,195.69,4562
2026-01-01 13:00:00,41.69,177,235.54,2998
2026-01-01 14:00:00,40.45,208,194.47,3910
2026-01-01 15:00:00,42.9,196,218.88,3489
2026-01-01 16:00:00,40.09,171,234.44,3025
2026-01-01 17:00:00,43.97,191,230.21,3037
2026-01-01 18:00:00,39.45,173,228.03,3241
2026-01-01 19:00:00,38.0,177,214.69,2938
2026-01-01 20:00:00,48.9,228,214.47,4116
2026-01-01 21:00:00,44.29,191,231.88,3493
2026-01-01 22:00:00,47.01,211,222.8,4070
2026-01-01 23:00:00,43.75,229,191.05,3860
2026-01-02 00:00:00,48.94,246,198.94,3824
2026-01-02 01:00:00,53.33,247,215.91,4483
2026-01-02 02:00:00,50.88,230,221.22,4500
2026-01-02 03:00:00,57.92,262,221.07,4964
2026-01-02 04:00:00,55.81,260,214.65,4722
2026-01-02 05:00:00,57.72,244,236.56,4294
2026-01-02 06:00:00,56.95,252,225.99,4697
2026-01-02 07:00:00,65.3,269,242.75,4647
2026-01-02 08:00:00,58.0,267,217.23,4901
2026-01-02 09:00:00,53.11,249,213.29,4583
2026-01-02 10:00:00,58.07,254,228.62,4784
2026-01-02 11:00:00,49.02,244,200.9,4944
2026-01-02 12:00:00,51.99,216,240.69,3966
2026-01-02 13:00:00,42.37,169,250.71,2940
2026-01-02 14:00:00,42.68,195,218.87,3505
2026-01-02 15:00:00,46.4,225,206.22,3696
2026-01-02 16:00:00,47.06,237,198.57,4127
2026-01-02 17:00:00,44.31,193,229.59,3392
2026-01-02 18:00:00,43.07,210,205.1,3675
2026-01-02 19:00:00,42.73,192,222.55,3486
2026-01-02 20:00:00,39.44,175,225.37,2986
2026-01-02 21:00:00,43.4,209,207.66,3986
2026-01-02 22:00:00,46.0,217,211.98,3906
2026-01-02 23:00:00,53.28,216,246.67,3886
2026-01-03 00:00:00,52.88,260,203.38,4614
2026-01-03 01:00:00,47.62,235,202.64,4261
2026-01-03 02:00:00,56.89,247,230.32,4611
2026-01-03 03:00:00,56.1,258,217.44,4471
2026-01-03 04:00:00,56.38,261,216.02,4566
2026-01-03 05:00:00,61.73,282,218.9,5015
2026-01-03 06:00:00,63.5,277,229.24,4717
2026-01-03 07:00:00,62.91,273,230.44,4750
2026-01-03 08:00:00,55.95,251,222.91,4423
2026-01-03 09:00:00,56.57,272,207.98,5071
2026-01-03 10:00:00,57.19,266,215.0,4841
2026-01-03 11:00:00,57.55,253,227.47,4593
2026-01-03 12:00:00,50.42,238,211.85,4454
2026-01-03 13:00:00,49.42,180,274.56,3213
2026-01-03 14:00:00,44.3,217,204.15,3984
2026-01-03 15:00:00,42.36,165,256.73,2949
2026-01-03 16:00:00,48.16,211,228.25,3851
2026-01-03 17:00:00,49.3,205,240.49,3573
2026-01-03 18:00:00,44.06,179,246.15,2734
2026-01-03 19:00:00,48.13,234,205.68,4185
2026-01-03 20:00:00,46.72,203,230.15,3939
2026-01-03 21:00:00,44.5,205,217.07,3875
2026-01-03 22:00:00,49.72,223,222.96,4207
2026-01-03 23:00:00,55.8,258,216.28,4891
2026-01-04 00:00:00,52.4,237,221.1,4284
2026-01-04 01:00:00,60.1,251,239.44,4557
2026-01-04 02:00:00,47.42,228,207.98,3980
2026-01-04 03:00:00,61.16,268,228.21,4761
2026-01-04 04:00:00,59.9,246,243.5,4551
2026-01-04 05:00:00,59.38,261,227.51,4939
2026-01-04 06:00:00,61.05,297,205.56,5318
2026-01-04 07:00:00,53.54,254,210.79,4482
2026-01-04 08:00:00,58.96,260,226.77,4680
2026-01-04 09:00:00,59.74,264,226.29,4872
2026-01-04 10:00:00,62.05,274,226.46,4643
2026-01-04 11:00:00,53.16,270,196.89,4401
2026-01-04 12:00:00,50.11,231,216.93,4048
2026-01-04 13:00:00,49.15,228,215.57,3860
2026-01-04 14:00:00,52.22,250,208.88,4398
2026-01-04 15:00:00,48.54,222,218.65,3966
2026-01-04 16:00:00,44.3,195,227.18,3419
2026-01-04 17:00:00,47.19,209,225.79,4052
2026-01-04 18:00:00,45.49,204,222.99,3737
2026-01-04 19:00:00,48.85,219,223.06,4002
2026-01-04 20:00:00,43.84,208,210.77,3868
2026-01-04 21:00:00,46.45,210,221.19,3552
2026-01-04 22:00:00,47.92,227,211.1,4294
2026-01-04 23:00:00,46.14,206,223.98,3693
2026-01-05 00:00:00,54.4,246,221.14,4562
2026-01-05 01:00:00,56.38,224,251.7,3818
2026-01-05 02:00:00,57.45,272,211.21,4585
2026-01-05 03:00:00,58.3,268,217.54,4988
2026-01-05 04:00:00,55.48,265,209.36,4845
2026-01-05 05:00:00,59.79,226,264.56,3888
2026-01-05 06:00:00,60.37,303,199.24,5280
2026-01-05 07:00:00,58.53,261,224.25,4923
2026-01-05 08:00:00,60.01,287,209.09,4928
2026-01-05 09:00:00,60.75,258,235.47,4973
2026-01-05 10:00:00,64.32,299,215.12,5202
2026-01-05 11:00:00,56.43,238,237.1,4412
2026-01-05 12:00:00,54.69,237,230.76,4200
2026-01-05 13:00:00,51.49,260,198.04,4801
2026-01-05 14:00:00,43.14,191,225.86,3329
2026-01-05 15:00:00,48.14,220,218.82,3927
2026-01-05 16:00:00,47.21,225,209.82,4058
2026-01-05 17:00:00,54.85,254,215.94,4372
2026-01-05 18:00:00,45.32,206,220.0,3856
2026-01-05 19:00:00,47.36,219,216.26,3839
2026-01-05 20:00:00,47.01,248,189.56,4418
2026-01-05 21:00:00,44.35,199,222.86,3383
2026-01-05 22:00:00,54.13,247,219.15,3934
2026-01-05 23:00:00,54.73,262,208.89,4678
2026-01-06 00:00:00,56.97,273,208.68,5397
2026-01-06 01:00:00,53.13,257,206.73,4783
2026-01-06 02:00:00,63.18,294,214.9,5288
2026-01-06 03:00:00,55.06,231,238.35,4105
2026-01-06 04:00:00,63.33,309,204.95,5566
2026-01-06 05:00:00,69.77,297,234.92,5455
2026-01-06 06:00:00,58.95,270,218.33,4624
2026-01-06 07:00:00,60.19,260,231.5,4903
2026-01-06 08:00:00,61.76,277,222.96,5129
2026-01-06 09:00:00,58.41,268,217.95,4968
2026-01-06 10:00:00,53.13,244,217.75,4480
2026-01-06 11:00:00,56.9,262,217.18,4720
2026-01-06 12:00:00,50.91,253,201.23,4689
2026-01-06 13:00:00,54.25,251,216.14,4636
2026-01-06 14:00:00,47.48,210,226.1,3709
2026-01-06 15:00:00,54.5,260,209.62,4565
2026-01-06 16:00:00,45.1,221,204.07,3998
2026-01-06 17:00:00,45.95,188,244.41,3694
2026-01-06 18:00:00,49.68,233,213.22,3946
2026-01-06 19:00:00,42.83,203,210.99,3360
2026-01-06 20:00:00,48.77,215,226.84,3903
2026-01-06 21:00:00,53.86,263,204.79,4744
2026-01-06 22:00:00,45.35,202,224.5,3671
2026-01-06 23:00:00,53.59,243,220.53,4423
2026-01-07 00:00:00,55.95,249,224.7,4437
2026-01-07 01:00:00,59.89,270,221.81,5158
2026-01-07 02:00:00,54.79,230,238.22,3820
2026-01-07 03:00:00,56.19,231,243.25,3992
2026-01-07 04:00:00,63.94,312,204.94,5595
2026-01-07 05:00:00,63.99,275,232.69,4621
2026-01-07 06:00:00,64.13,274,234.05,4897
2026-01-07 07:00:00,64.23,257,249.92,4958
2026-01-07 08:00:00,59.87,260,230.27,4684
2026-01-07 09:00:00,61.83,258,239.65,4690
2026-01-07 10:00:00,60.42,297,203.43,5094
2026-01-07 11:00:00,55.0,263,209.13,4611
2026-01-07 12:00:00,62.0,269,230.48,4767
2026-01-07 13:00:00,55.09,282,195.35,5012
2026-01-07 14:00:00,47.37,228,207.76,4360
2026-01-07 15:00:00,52.21,230,227.0,4252
2026-01-07 16:00:00,45.27,166,272.71,2766
2026-01-07 17:00:00,50.67,262,193.4,4765
2026-01-07 18:00:00,51.73,212,244.01,3916
2026-01-07 19:00:00,45.11,178,253.43,3432
2026-01-07 20:00:00,52.19,250,208.76,4816
2026-01-07 21:00:00,51.57,269,191.71,4639
2026-01-07 22:00:00,54.69,267,204.83,4644
2026-01-07 23:00:00,60.42,280,215.79,4788
2026-01-08 00:00:00,55.03,257,214.12,4579
2026-01-08 01:00:00,55.35,262,211.26,4809
2026-01-08 02:00:00,56.84,267,212.88,5003
2026-01-08 03:00:00,58.79,269,218.55,4827
2026-01-08 04:00:00,62.68,284,220.7,5048
2026-01-08 05:00:00,64.98,291,223.3,5268
2026-01-08 06:00:00,65.06,281,231.53,4891
2026-01-08 07:00:00,66.75,296,225.51,5746
2026-01-08 08:00:00,63.14,259,243.78,4340
2026-01-08 09:00:00,66.95,300,223.17,5437
2026-01-08 10:00:00,59.31,252,235.36,4941
2026-01-08 11:00:00,67.86,289,234.81,5203
2026-01-08 12:00:00,58.5,266,219.92,4750
2026-01-08 13:00:00,51.27,252,203.45,4465
2026-01-08 14:00:00,48.63,233,208.71,4158
2026-01-08 15:00:00,52.44,212,247.36,4091
2026-01-08 16:00:00,48.74,204,238.92,3230
2026-01-08 17:00:00,51.25,245,209.18,4717
2026-01-08 18:00:00,50.17,211,237.77,3513
2026-01-08 19:00:00,48.57,215,225.91,3817
2026-01-08 20:00:00,46.69,218,214.17,3838
2026-01-08 21:00:00,45.66,191,239.06,3556
2026-01-08 22:00:00,51.09,231,221.17,3838
2026-01-08 23:00:00,57.62,239,241.09,4394
2026-01-09 00:00:00,57.48,250,229.92,4905
2026-01-09 01:00:00,54.47,250,217.88,4227
2026-01-09 02:00:00,61.4,252,243.65,4574
2026-01-09 03:00:00,63.84,294,217.14,5160
2026-01-09 04:00:00,60.7,273,222.34,4999
2026-01-09 05:00:00,65.17,302,215.79,5440
2026-01-09 06:00:00,65.14,296,220.07,5200
2026-01-09 07:00:00,60.7,294,206.46,5390
2026-01-09 08:00:00,65.19,295,220.98,5671
2026-01-09 09:00:00,64.66,285,226.88,5092
2026-01-09 10:00:00,64.87,294,220.65,5436
2026-01-09 11:00:00,62.87,291,216.05,4979
2026-01-09 12:00:00,52.33,236,221.74,4057
2026-01-09 13:00:00,51.83,234,221.5,4306
2026-01-09 14:00:00,55.02,237,232.15,4563
2026-01-09 15:00:00,53.39,230,232.13,4211
2026-01-09 16:00:00,52.16,214,243.74,3789
2026-01-09 17:00:00,63.08,310,203.48,5580
2026-01-09 18:00:00,51.36,212,242.26,3566
2026-01-09 19:00:00,53.64,231,232.21,4279
2026-01-09 20:00:00,53.84,232,232.07,4352
2026-01-09 21:00:00,54.09,257,210.47,4536
2026-01-09 22:00:00,52.39,231,226.8,4064
2026-01-09 23:00:00,58.12,280,207.57,5093
2026-01-10 00:00:00,54.86,237,231.48,4179
2026-01-10 01:00:00,58.84,269,218.74,4829
2026-01-10 02:00:00,59.94,257,233.23,5046
2026-01-10 03:00:00,63.62,318,200.06,5675
2026-01-10 04:00:00,72.74,310,234.65,5508
2026-01-10 05:00:00,58.93,270,218.26,4730
2026-01-10 06:00:00,68.18,316,215.76,5837
2026-01-10 07:00:00,59.9,276,217.03,4932
2026-01-10 08:00:00,63.12,281,224.63,4928
2026-01-10 09:00:00,67.35,301,223.75,5682
2026-01-10 10:00:00,62.14,280,221.93,5324
2026-01-10 11:00:00,56.25,251,224.1,4398
2026-01-10 12:00:00,55.48,264,210.15,4379
2026-01-10 13:00:00,58.33,296,197.06,5530
2026-01-10 14:00:00,51.5,223,230.94,3877
2026-01-10 15:00:00,53.19,219,242.88,4100
2026-01-10 16:00:00,51.36,230,223.3,3746
2026-01-10 17:00:00,48.16,255,188.86,4769
2026-01-10 18:00:00,57.7,248,232.66,4222
2026-01-10 19:00:00,52.72,262,201.22,4862
2026-01-10 20:00:00,44.25,224,197.54,4035
2026-01-10 21:00:00,53.3,232,229.74,3985
2026-01-10 22:00:00,52.02,243,214.07,4293
2026-01-10 23:00:00,59.29,291,203.75,5375
2026-01-11 00:00:00,55.63,245,227.06,4431
2026-01-11 01:00:00,60.11,267,225.13,4923
2026-01-11 02:00:00,64.25,280,229.46,5435
2026-01-11 03:00:00,67.2,287,234.15,4853
2026-01-11 04:00:00,61.28,266,230.38,5111
2026-01-11 05:00:00,65.14,275,236.87,4971
2026-01-11 06:00:00,64.96,293,221.71,5094
2026-01-11 07:00:00,64.09,277,231.37,4720
2026-01-11 08:00:00,71.8,327,219.57,5848
2026-01-11 09:00:00,65.8,273,241.03,5098
2026-01-11 10:00:00,58.35,268,217.72,4798
2026-01-11 11:00:00,64.08,301,212.89,5720
2026-01-11 12:00:00,66.26,268,247.24,4534
2026-01-11 13:00:00,60.41,277,218.09,4984
2026-01-11 14:00:00,49.58,242,204.88,4106
2026-01-11 15:00:00,51.58,214,241.03,3925
2026-01-11 16:00:00,56.47,279,202.4,5199
2026-01-11 17:00:00,48.8,226,215.93,3984
2026-01-11 18:00:00,52.59,226,232.7,3547
2026-01-11 19:00:00,54.06,242,223.39,4396
2026-01-11 20:00:00,48.94,229,213.71,4209
2026-01-11 21:00:00,53.28,241,221.08,4419
2026-01-11 22:00:00,43.83,205,213.8,3937
2026-01-11 23:00:00,53.56,227,235.95,3872
2026-01-12 00:00:00,58.37,265,220.26,4906
2026-01-12 01:00:00,56.99,235,242.51,4469
2026-01-12 02:00:00,69.03,309,223.4,5206
2026-01-12 03:00:00,60.01,256,234.41,4672
2026-01-12 04:00:00,64.78,280,231.36,4939
2026-01-12 05:00:00,67.61,323,209.32,5798
2026-01-12 06:00:00,72.5,343,211.37,6244
2026-01-12 07:00:00,62.2,289,215.22,5105
2026-01-12 08:00:00,70.53,301,234.32,5283
2026-01-12 09:00:00,65.26,289,225.81,5209
2026-01-12 10:00:00,60.16,289,208.17,4985
2026-01-12 11:00:00,63.32,287,220.63,4949
2026-01-12 12:00:00,60.37,306,197.29,5644
2026-01-12 13:00:00,55.53,256,216.91,4378
2026-01-12 14:00:00,55.98,255,219.53,4723
2026-01-12 15:00:00,52.77,233,226.48,4287
2026-01-12 16:00:00,53.28,242,220.17,4011
2026-01-12 17:00:00,54.43,243,223.99,4238
2026-01-12 18:00:00,57.43,269,213.49,5081
2026-01-12 19:00:00,47.86,230,208.09,3944
2026-01-12 20:00:00,60.49,260,232.65,4587
2026-01-12 21:00:00,47.5,194,244.85,3584
2026-01-12 22:00:00,55.49,222,249.95,4153
2026-01-12 23:00:00,60.04,278,215.97,4954
2026-01-13 00:00:00,61.07,258,236.71,4524
2026-01-13 01:00:00,60.02,238,252.18,4568
2026-01-13 02:00:00,63.43,291,217.97,5586
2026-01-13 03:00:00,64.13,326,196.72,6064
2026-01-13 04:00:00,65.1,293,222.18,5291
2026-01-13 05:00:00,70.97,332,213.77,5814
2026-01-13 06:00:00,69.55,314,221.5,5486
2026-01-13 07:00:00,65.64,294,223.27,5397
2026-01-13 08:00:00,70.45,331,212.84,6042
2026-01-13 09:00:00,67.14,298,225.3,5644
2026-01-13 10:00:00,67.29,307,219.19,5656
2026-01-13 11:00:00,64.75,296,218.75,5027
2026-01-13 12:00:00,57.61,249,231.37,4692
2026-01-13 13:00:00,56.51,269,210.07,4642
2026-01-13 14:00:00,59.2,264,224.24,4675
2026-01-13 15:00:00,57.1,246,232.11,4478
2026-01-13 16:00:00,53.65,249,215.46,4881
2026-01-13 17:00:00,53.37,227,235.11,4708
2026-01-13 18:00:00,57.19,258,221.67,4765
2026-01-13 19:00:00,50.96,229,222.53,4085
2026-01-13 20:00:00,55.78,267,208.91,4913
2026-01-13 21:00:00,54.46,252,216.11,4714
2026-01-13 22:00:00,56.1,252,222.62,4472
2026-01-13 23:00:00,62.67,294,213.16,5651
2026-01-14 00:00:00,63.82,308,207.21,5590
2026-01-14 01:00:00,65.88,305,216.0,5590
2026-01-14 02:00:00,69.57,313,222.27,5767
2026-01-14 03:00:00,66.77,281,237.62,5142
2026-01-14 04:00:00,70.39,301,233.85,5586
2026-01-14 05:00:00,67.75,300,225.83,5277
2026-01-14 06:00:00,70.28,307,228.93,5414
2026-01-14 07:00:00,68.45,305,224.43,5270
2026-01-14 08:00:00,68.48,309,221.62,5650
2026-01-14 09:00:00,68.99,318,216.95,5880
2026-01-14 10:00:00,62.42,280,222.93,5132
2026-01-14 11:00:00,70.71,325,217.57,6185
2026-01-14 12:00:00,57.83,261,221.57,4697
2026-01-14 13:00:00,55.07,218,252.61,4058
2026-01-14 14:00:00,61.47,263,233.73,4516
2026-01-14 15:00:00,58.57,261,224.41,4621
2026-01-14 16:00:00,56.75,237,239.45,4405
2026-01-14 17:00:00,56.0,261,214.56,4868
2026-01-14 18:00:00,53.52,264,202.73,4693
2026-01-14 19:00:00,50.73,247,205.38,4432
2026-01-14 20:00:00,54.97,244,225.29,4088
2026-01-14 21:00:00,53.64,264,203.18,4681
2026-01-14 22:00:00,61.11,277,220.61,5164
2026-01-14 23:00:00,59.15,261,226.63,4813
2026-01-15 00:00:00,58.88,256,230.0,4708
2026-01-15 01:00:00,62.75,278,225.72,5014
2026-01-15 02:00:00,67.29,297,226.57,5347
2026-01-15 03:00:00,65.56,298,220.0,5232
2026-01-15 04:00:00,65.96,299,220.6,5522
2026-01-15 05:00:00,70.53,317,222.49,5790
2026-01-15 06:00:00,70.84,325,217.97,5948
2026-01-15 07:00:00,67.97,324,209.78,5727
2026-01-15 08:00:00,67.33,317,212.4,5275
2026-01-15 09:00:00,68.56,286,239.72,5367
2026-01-15 10:00:00,61.05,236,258.69,4152
2026-01-15 11:00:00,59.3,281,211.03,4885
2026-01-15 12:00:00,59.68,248,240.65,4603
2026-01-15 13:00:00,59.41,264,225.04,4674
2026-01-15 14:00:00,59.35,250,237.4,4712
2026-01-15 15:00:00,61.8,251,246.22,4641
2026-01-15 16:00:00,58.41,271,215.54,5015
2026-01-15 17:00:00,54.08,255,212.08,4317
2026-01-15 18:00:00,54.34,236,230.25,4490
2026-01-15 19:00:00,51.2,192,266.67,3508
2026-01-15 20:00:00,55.48,241,230.21,4264
2026-01-15 21:00:00,55.84,257,217.28,4655
2026-01-15 22:00:00,59.67,246,242.56,4073
2026-01-15 23:00:00,57.61,262,219.89,4798
2026-01-16 00:00:00,64.43,290,222.17,5014
2026-01-16 01:00:00,70.08,324,216.3,5561
2026-01-16 02:00:00,66.3,300,221.0,5096
2026-01-16 03:00:00,69.78,299,233.38,5605
2026-01-16 04:00:00,72.1,342,210.82,6030
2026-01-16 05:00:00,69.11,309,223.66,5869
2026-01-16 06:00:00,71.61,322,222.39,5689
2026-01-16 07:00:00,70.63,304,232.34,5131
2026-01-16 08:00:00,70.16,309,227.06,5339
2026-01-16 09:00:00,65.88,283,232.79,5341
2026-01-16 10:00:00,67.05,299,224.25,5351
2026-01-16 11:00:00,66.81,326,204.94,5758
2026-01-16 12:00:00,68.11,286,238.15,5180
2026-01-16 13:00:00,64.35,265,242.83,4870
2026-01-16 14:00:00,66.64,322,206.96,6019
2026-01-16 15:00:00,54.8,243,225.51,4664
2026-01-16 16:00:00,59.3,257,230.74,4554
2026-01-16 17:00:00,56.12,268,209.4,4559
2026-01-16 18:00:00,62.91,274,229.6,4849
2026-01-16 19:00:00,52.72,265,198.94,4822
2026-01-16 20:00:00,53.45,251,212.95,4325
2026-01-16 21:00:00,55.59,243,228.77,4183
2026-01-16 22:00:00,51.95,266,195.3,4857
2026-01-16 23:00:00,59.51,259,229.77,4652
2026-01-17 00:00:00,60.8,285,213.33,5137
2026-01-17 01:00:00,66.09,302,218.84,5284
2026-01-17 02:00:00,68.72,329,208.88,5876
2026-01-17 03:00:00,75.78,364,208.19,6367
2026-01-17 04:00:00,73.85,333,221.77,6172
2026-01-17 05:00:00,69.34,301,230.37,5625
2026-01-17 06:00:00,68.52,315,217.52,5301
2026-01-17 07:00:00,73.15,319,229.31,5556
2026-01-17 08:00:00,66.04,327,201.96,5587
2026-01-17 09:00:00,75.84,343,221.11,6044
2026-01-17 10:00:00,71.93,318,226.19,5707
2026-01-17 11:00:00,64.27,292,220.1,4966
2026-01-17 12:00:00,57.88,240,241.17,4136
2026-01-17 13:00:00,66.58,285,233.61,4929
2026-01-17 14:00:00,59.54,286,208.18,5189
2026-01-17 15:00:00,62.65,272,230.33,4910
2026-01-17 16:00:00,51.51,216,238.47,3744
2026-01-17 17:00:00,54.22,252,215.16,4571
2026-01-17 18:00:00,56.1,270,207.78,4751
2026-01-17 19:00:00,56.56,265,213.43,4716
2026-01-17 20:00:00,55.65,265,210.0,5105
2026-01-17 21:00:00,60.71,262,231.72,4984
2026-01-17 22:00:00,56.49,233,242.45,3934
2026-01-17 23:00:00,61.69,300,205.63,5566
2026-01-18 00:00:00,64.72,286,226.29,5310
2026-01-18 01:00:00,68.2,303,225.08,5224
2026-01-18 02:00:00,70.86,339,209.03,6266
2026-01-18 03:00:00,66.12,306,216.08,5816
2026-01-18 04:00:00,65.99,304,217.07,5247
2026-01-18 05:00:00,76.67,377,203.37,6602
2026-01-18 06:00:00,73.67,322,228.79,6000
2026-01-18 07:00:00,69.65,327,213.0,5940
2026-01-18 08:00:00,76.93,347,221.7,6356
2026-01-18 09:00:00,70.67,322,219.47,5864
2026-01-18 10:00:00,72.77,350,207.91,6378
2026-01-18 11:00:00,66.99,309,216.8,5297
2026-01-18 12:00:00,71.93,332,216.66,6185
2026-01-18 13:00:00,68.82,326,211.1,6102
2026-01-18 14:00:00,59.91,264,226.93,4706
2026-01-18 15:00:00,62.56,269,232.57,4833
2026-01-18 16:00:00,60.19,255,236.04,4284
2026-01-18 17:00:00,61.95,249,248.8,4585
2026-01-18 18:00:00,53.55,272,196.88,5010
2026-01-18 19:00:00,59.63,252,236.63,4524
2026-01-18 20:00:00,61.77,275,224.62,5175
2026-01-18 21:00:00,53.22,235,226.47,4163
2026-01-18 22:00:00,56.92,261,218.08,4811
2026-01-18 23:00:00,55.89,264,211.7,4548
2026-01-19 00:00:00,64.19,302,212.55,5431
2026-01-19 01:00:00,69.75,305,228.69,5455
2026-01-19 02:00:00,74.46,333,223.6,6039
2026-01-19 03:00:00,71.16,324,219.63,5758
2026-01-19 04:00:00,77.9,347,224.5,6220
2026-01-19 05:00:00,68.21,331,206.07,6123
2026-01-19 06:00:00,67.38,311,216.66,5511
2026-01-19 07:00:00,72.91,339,215.07,5781
2026-01-19 08:00:00,73.69,342,215.47,6506
2026-01-19 09:00:00,70.99,337,210.65,6342
2026-01-19 10:00:00,62.25,283,219.96,4836
2026-01-19 11:00:00,67.28,283,237.74,5232
2026-01-19 12:00:00,60.99,280,217.82,4939
2026-01-19 13:00:00,65.86,287,229.48,5219
2026-01-19 14:00:00,62.91,275,228.76,5009
2026-01-19 15:00:00,56.71,264,214.81,4705
2026-01-19 16:00:00,56.97,275,207.16,4793
2026-01-19 17:00:00,54.3,245,221.63,4272
2026-01-19 18:00:00,57.55,264,217.99,4569
2026-01-19 19:00:00,61.42,302,203.38,5270
2026-01-19 20:00:00,55.46,253,219.21,4541
2026-01-19 21:00:00,61.98,318,194.91,5581
2026-01-19 22:00:00,60.05,279,215.23,5158
2026-01-19 23:00:00,61.1,249,245.38,4779
2026-01-20 00:00:00,65.6,307,213.68,5410
2026-01-20 01:00:00,64.46,296,217.77,5376
2026-01-20 02:00:00,68.11,326,208.93,5968
2026-01-20 03:00:00,67.55,314,215.13,5746
2026-01-20 04:00:00,79.92,358,223.24,6459
2026-01-20 05:00:00,74.0,315,234.92,5819
2026-01-20 06:00:00,71.74,320,224.19,5856
2026-01-20 07:00:00,74.7,323,231.27,5566
2026-01-20 08:00:00,72.79,319,228.18,5916
2026-01-20 09:00:00,71.17,329,216.32,6099
2026-01-20 10:00:00,72.48,351,206.5,6165
2026-01-20 11:00:00,71.08,326,218.04,5876
2026-01-20 12:00:00,64.54,272,237.28,5033
2026-01-20 13:00:00,62.35,287,217.25,5124
2026-01-20 14:00:00,61.5,295,208.47,5525
2026-01-20 15:00:00,52.79,228,231.54,4577
2026-01-20 16:00:00,54.31,242,224.42,4199
2026-01-20 17:00:00,63.63,287,221.71,4890
2026-01-20 18:00:00,64.36,278,231.51,5065
2026-01-20 19:00:00,58.04,271,214.17,5022
2026-01-20 20:00:00,61.77,276,223.8,4922
2026-01-20 21:00:00,62.14,286,217.27,5439
2026-01-20 22:00:00,73.52,318,231.19,5456
2026-01-20 23:00:00,68.63,302,227.25,5575
2026-01-21 00:00:00,66.37,310,214.1,5459
2026-01-21 01:00:00,65.58,290,226.14,5564
2026-01-21 02:00:00,65.26,320,203.94,6159
2026-01-21 03:00:00,73.29,324,226.2,5679
2026-01-21 04:00:00,71.24,324,219.88,5722
2026-01-21 05:00:00,69.74,328,212.62,6076
2026-01-21 06:00:00,72.76,306,237.78,5431
2026-01-21 07:00:00,71.0,293,242.32,5265
2026-01-21 08:00:00,79.93,337,237.18,6071
2026-01-21 09:00:00,75.87,360,210.75,6096
2026-01-21 10:00:00,71.14,312,228.01,5613
2026-01-21 11:00:00,74.45,373,199.6,6576
2026-01-21 12:00:00,67.51,295,228.85,5211
2026-01-21 13:00:00,62.19,283,219.75,5383
2026-01-21 14:00:00,68.64,332,206.75,5725
2026-01-21 15:00:00,63.57,316,201.17,5851
2026-01-21 16:00:00,56.82,287,197.98,5110
2026-01-21 17:00:00,59.02,284,207.82,5056
2026-01-21 18:00:00,56.38,269,209.59,5000
2026-01-21 19:00:00,54.92,256,214.53,4676
2026-01-21 20:00:00,63.83,299,213.48,5496
2026-01-21 21:00:00,68.58,300,228.6,5594
2026-01-21 22:00:00,58.69,252,232.9,4470
2026-01-21 23:00:00,67.52,304,222.11,5350
2026-01-22 00:00:00,65.38,292,223.9,5039
2026-01-22 01:00:00,68.06,299,227.63,5217
2026-01-22 02:00:00,69.65,324,214.97,6422
2026-01-22 03:00:00,70.4,331,212.69,6207
2026-01-22 04:00:00,74.9,338,221.6,5814
2026-01-22 05:00:00,72.65,349,208.17,6018
2026-01-22 06:00:00,76.81,329,233.47,6018
2026-01-22 07:00:00,75.45,337,223.89,6175
2026-01-22 08:00:00,74.03,322,229.91,5906
2026-01-22 09:00:00,70.45,289,243.77,5151
2026-01-22 10:00:00,69.99,314,222.9,5627
2026-01-22 11:00:00,72.76,326,223.19,5934
2026-01-22 12:00:00,69.83,337,207.21,6083
2026-01-22 13:00:00,62.62,291,215.19,4794
2026-01-22 14:00:00,64.5,275,234.55,4904
2026-01-22 15:00:00,65.16,321,202.99,5608
2026-01-22 16:00:00,55.45,268,206.9,4859
2026-01-22 17:00:00,62.43,290,215.28,5817
2026-01-22 18:00:00,57.97,257,225.56,4699
2026-01-22 19:00:00,62.59,267,234.42,4743
2026-01-22 20:00:00,58.76,259,226.87,4846
2026-01-22 21:00:00,56.42,270,208.96,4957
2026-01-22 22:00:00,58.73,293,200.44,5358
2026-01-22 23:00:00,66.56,323,206.07,5935
2026-01-23 00:00:00,69.41,305,227.57,5901
2026-01-23 01:00:00,67.44,287,234.98,4940
2026-01-23 02:00:00,74.8,339,220.65,6197
2026-01-23 03:00:00,68.45,281,243.59,4873
2026-01-23 04:00:00,75.34,344,219.01,6303
2026-01-23 05:00:00,72.16,323,223.41,5630
2026-01-23 06:00:00,74.43,328,226.92,5821
2026-01-23 07:00:00,76.64,321,238.75,5719
2026-01-23 08:00:00,72.7,335,217.01,6225
2026-01-23 09:00:00,73.12,321,227.79,5962
2026-01-23 10:00:00,76.37,326,234.26,5619
2026-01-23 11:00:00,68.94,267,258.2,4817
2026-01-23 12:00:00,71.84,323,222.41,5672
2026-01-23 13:00:00,62.93,310,203.0,5328
2026-01-23 14:00:00,66.84,326,205.03,5825
2026-01-23 15:00:00,68.41,301,227.28,5356
2026-01-23 16:00:00,53.48,232,230.52,4661
2026-01-23 17:00:00,58.58,271,216.16,4965
2026-01-23 18:00:00,63.15,269,234.76,4566
2026-01-23 19:00:00,60.73,278,218.45,4891
2026-01-23 20:00:00,63.57,298,213.32,5568
2026-01-23 21:00:00,61.46,295,208.34,5728
2026-01-23 22:00:00,65.57,294,223.03,4975
2026-01-23 23:00:00,66.69,297,224.55,4970
2026-01-24 00:00:00,73.43,317,231.64,6080
2026-01-24 01:00:00,72.34,313,231.12,5712
2026-01-24 02:00:00,74.59,332,224.67,5802
2026-01-24 03:00:00,73.66,337,218.58,6173
2026-01-24 04:00:00,74.7,350,213.43,5773
2026-01-24 05:00:00,75.73,329,230.18,5923
2026-01-24 06:00:00,78.93,378,208.81,6870
2026-01-24 07:00:00,75.84,337,225.04,6251
2026-01-24 08:00:00,77.56,349,222.23,6079
2026-01-24 09:00:00,82.58,360,229.39,6497
2026-01-24 10:00:00,76.74,309,248.35,5377
2026-01-24 11:00:00,70.65,331,213.44,6009
2026-01-24 12:00:00,73.96,344,215.0,6013
2026-01-24 13:00:00,66.3,294,225.51,5210
2026-01-24 14:00:00,58.7,265,221.51,4571
2026-01-24 15:00:00,60.68,281,215.94,5188
2026-01-24 16:00:00,56.42,230,245.3,4312
2026-01-24 17:00:00,60.98,266,229.25,4741
2026-01-24 18:00:00,62.03,291,213.16,5246
2026-01-24 19:00:00,68.15,288,236.63,4894
2026-01-24 20:00:00,64.26,294,218.57,5232
2026-01-24 21:00:00,63.65,266,239.29,4778
2026-01-24 22:00:00,69.01,318,217.01,6248
2026-01-24 23:00:00,60.34,271,222.66,4656
2026-01-25 00:00:00,71.0,295,240.68,5603
2026-01-25 01:00:00,74.98,355,211.21,6589
2026-01-25 02:00:00,69.08,300,230.27,5456
2026-01-25 03:00:00,79.95,348,229.74,6616
2026-01-25 04:00:00,78.43,356,220.31,6482
2026-01-25 05:00:00,76.63,362,211.69,6594
2026-01-25 06:00:00,80.61,348,231.64,6253
2026-01-25 07:00:00,86.1,388,221.91,7229
2026-01-25 08:00:00,78.03,358,217.96,6663
2026-01-25 09:00:00,77.02,357,215.74,6301
2026-01-25 10:00:00,72.92,331,220.3,5694
2026-01-25 11:00:00,69.66,308,226.17,5503
2026-01-25 12:00:00,73.51,318,231.16,5564
2026-01-25 13:00:00,65.57,296,221.52,5315
2026-01-25 14:00:00,66.92,285,234.81,5377
2026-01-25 15:00:00,63.38,241,262.99,4247
2026-01-25 16:00:00,65.49,301,217.57,5409
2026-01-25 17:00:00,64.22,303,211.95,5466
2026-01-25 18:00:00,66.44,264,251.67,4922
2026-01-25 19:00:00,61.33,261,234.98,4249
2026-01-25 20:00:00,63.01,293,215.05,5153
2026-01-25 21:00:00,61.83,309,200.1,5604
2026-01-25 22:00:00,65.4,295,221.69,5550
2026-01-25 23:00:00,70.24,305,230.3,5392
2026-01-26 00:00:00,73.67,329,223.92,5547
2026-01-26 01:00:00,69.9,335,208.66,6154
2026-01-26 02:00:00,78.13,342,228.45,6029
2026-01-26 03:00:00,81.53,355,229.66,6152
2026-01-26 04:00:00,79.54,351,226.61,6193
2026-01-26 05:00:00,85.49,370,231.05,6623
2026-01-26 06:00:00,76.52,346,221.16,6107
2026-01-26 07:00:00,74.64,360,207.33,6039
2026-01-26 08:00:00,72.0,329,218.84,6101
2026-01-26 09:00:00,82.23,366,224.67,6843
2026-01-26 10:00:00,77.66,345,225.1,6340
2026-01-26 11:00:00,73.28,306,239.48,5280
2026-01-26 12:00:00,72.42,339,213.63,6062
2026-01-26 13:00:00,65.47,293,223.45,5273
2026-01-26 14:00:00,76.07,340,223.74,6240
2026-01-26 15:00:00,66.34,346,191.73,6362
2026-01-26 16:00:00,65.04,297,218.99,5199
2026-01-26 17:00:00,66.43,288,230.66,5200
2026-01-26 18:00:00,65.34,288,226.88,5275
2026-01-26 19:00:00,64.74,309,209.51,5853
2026-01-26 20:00:00,62.03,281,220.75,5199
2026-01-26 21:00:00,67.75,283,239.4,5252
2026-01-26 22:00:00,74.38,348,213.74,6281
2026-01-26 23:00:00,74.47,325,229.14,6132
2026-01-27 00:00:00,77.44,377,205.41,6868
2026-01-27 01:00:00,72.18,341,211.67,5966
2026-01-27 02:00:00,72.47,319,227.18,6023
2026-01-27 03:00:00,77.18,367,210.3,6746
2026-01-27 04:00:00,79.13,357,221.65,6337
2026-01-27 05:00:00,83.59,389,214.88,6906
2026-01-27 06:00:00,74.15,341,217.45,6197
2026-01-27 07:00:00,85.19,371,229.62,6771
2026-01-27 08:00:00,78.52,344,228.26,6231
2026-01-27 09:00:00,76.34,359,212.65,6524
2026-01-27 10:00:00,72.67,322,225.68,6136
2026-01-27 11:00:00,68.53,302,226.92,5650
2026-01-27 12:00:00,75.16,324,231.98,5870
2026-01-27 13:00:00,70.5,324,217.59,6020
2026-01-27 14:00:00,63.84,318,200.75,5517
2026-01-27 15:00:00,62.2,264,235.61,4832
2026-01-27 16:00:00,64.32,290,221.79,5582
2026-01-27 17:00:00,70.57,339,208.17,6058
2026-01-27 18:00:00,63.58,285,223.09,4960
2026-01-27 19:00:00,59.54,275,216.51,4820
2026-01-27 20:00:00,64.77,276,234.67,4750
2026-01-27 21:00:00,65.99,303,217.79,5297
2026-01-27 22:00:00,59.19,264,224.2,4678
2026-01-27 23:00:00,70.41,332,212.08,5695
2026-01-28 00:00:00,71.89,341,210.82,6141
2026-01-28 01:00:00,77.25,386,200.13,7128
2026-01-28 02:00:00,83.24,383,217.34,6712
2026-01-28 03:00:00,82.41,376,219.18,7072
2026-01-28 04:00:00,78.83,358,220.2,6546
2026-01-28 05:00:00,76.73,340,225.68,6326
2026-01-28 06:00:00,89.92,410,219.32,7248
2026-01-28 07:00:00,80.88,360,224.67,6651
2026-01-28 08:00:00,79.96,362,220.88,6298
2026-01-28 09:00:00,78.59,373,210.7,6892
2026-01-28 10:00:00,77.75,335,232.09,6064
2026-01-28 11:00:00,74.65,353,211.47,6465
2026-01-28 12:00:00,71.12,340,209.18,5885
2026-01-28 13:00:00,69.17,309,223.85,5383
2026-01-28 14:00:00,69.08,279,247.6,5141
2026-01-28 15:00:00,65.67,286,229.62,4958
2026-01-28 16:00:00,63.84,307,207.95,5619
2026-01-28 17:00:00,65.94,296,222.77,5055
2026-01-28 18:00:00,64.44,275,234.33,5120
2026-01-28 19:00:00,70.9,311,227.97,5351
2026-01-28 20:00:00,57.2,270,211.85,4970
2026-01-28 21:00:00,71.6,330,216.97,6065
2026-01-28 22:00:00,73.83,329,224.41,5783
2026-01-28 23:00:00,64.18,283,226.78,5210
2026-01-29 00:00:00,72.34,320,226.06,5812
2026-01-29 01:00:00,74.35,321,231.62,5670
2026-01-29 02:00:00,72.69,351,207.09,6116
2026-01-29 03:00:00,76.58,340,225.24,5727
2026-01-29 04:00:00,76.72,363,211.35,6604
2026-01-29 05:00:00,87.58,417,210.02,7193
2026-01-29 06:00:00,85.03,398,213.64,7183
2026-01-29 07:00:00,85.97,380,226.24,6787
2026-01-29 08:00:00,83.28,381,218.58,6994
2026-01-29 09:00:00,75.56,340,222.24,6060
2026-01-29 10:00:00,76.06,329,231.19,5856
2026-01-29 11:00:00,77.71,355,218.9,6536
2026-01-29 12:00:00,69.69,296,235.44,5395
2026-01-29 13:00:00,74.42,353,210.82,6417
2026-01-29 14:00:00,69.19,304,227.6,5566
2026-01-29 15:00:00,67.1,305,220.0,5183
2026-01-29 16:00:00,69.66,318,219.06,5875
2026-01-29 17:00:00,67.97,302,225.07,5558
2026-01-29 18:00:00,64.91,301,215.65,5215
2026-01-29 19:00:00,70.54,310,227.55,5531
2026-01-29 20:00:00,63.53,299,212.47,5374
2026-01-29 21:00:00,70.78,298,237.52,5337
2026-01-29 22:00:00,72.39,328,220.7,5971
2026-01-29 23:00:00,71.2,349,204.01,6568
2026-01-30 00:00:00,75.53,325,232.4,6066
2026-01-30 01:00:00,72.11,314,229.65,5390
2026-01-30 02:00:00,81.69,375,217.84,6874
2026-01-30 03:00:00,79.5,360,220.83,6746
2026-01-30 04:00:00,79.62,364,218.74,6629
2026-01-30 05:00:00,85.96,394,218.17,7310
2026-01-30 06:00:00,80.13,370,216.57,7062
2026-01-30 07:00:00,77.43,365,212.14,6775
2026-01-30 08:00:00,76.14,349,218.17,6332
2026-01-30 09:00:00,82.48,368,224.13,6833
2026-01-30 10:00:00,74.25,344,215.84,6221
2026-01-30 11:00:00,82.98,402,206.42,7241
2026-01-30 12:00:00,67.52,302,223.58,5366
2026-01-30 13:00:00,78.71,340,231.5,6433
2026-01-30 14:00:00,71.61,339,211.24,5938
2026-01-30 15:00:00,68.91,308,223.73,5850
2026-01-30 16:00:00,66.11,265,249.47,4870
2026-01-30 17:00:00,68.65,322,213.2,5516
2026-01-30 18:00:00,66.88,293,228.26,5348
2026-01-30 19:00:00,71.18,319,223.13,5322
2026-01-30 20:00:00,68.56,313,219.04,5759
2026-01-30 21:00:00,69.99,318,220.09,5901
2026-01-30 22:00:00,69.88,325,215.02,5732
2026-01-30 23:00:00,72.92,322,226.46,5821
2026-01-31 00:00:00,76.3,351,217.38,6709
2026-01-31 01:00:00,71.35,317,225.08,5605
2026-01-31 02:00:00,74.58,347,214.93,6034
2026-01-31 03:00:00,83.59,385,217.12,7226
2026-01-31 04:00:00,82.89,359,230.89,6855
2026-01-31 05:00:00,82.48,387,213.13,6967
2026-01-31 06:00:00,83.5,368,226.9,6826
2026-01-31 07:00:00,84.41,392,215.33,7324
2026-01-31 08:00:00,80.54,368,218.86,6476
2026-01-31 09:00:00,78.47,381,205.96,6761
2026-01-31 10:00:00,80.26,358,224.19,6690
2026-01-31 11:00:00,74.26,329,225.71,6259
2026-01-31 12:00:00,77.07,347,222.1,6359
2026-01-31 13:00:00,67.65,300,225.5,5224
2026-01-31 14:00:00,75.32,351,214.59,6715
2026-01-31 15:00:00,71.75,299,239.97,5276
2026-01-31 16:00:00,69.75,298,234.06,5297
2026-01-31 17:00:00,71.53,306,233.76,5576
2026-01-31 18:00:00,73.69,346,212.98,6539
2026-01-31 19:00:00,71.71,348,206.06,6435
2026-01-31 20:00:00,62.55,280,223.39,5123
2026-01-31 21:00:00,65.83,294,223.91,5385
2026-01-31 22:00:00,69.81,315,221.62,5679
2026-01-31 23:00:00,74.05,351,210.97,6430
2026-02-01 00:00:00,77.88,337,231.1,5560
2026-02-01 01:00:00,75.63,344,219.85,6133
2026-02-01 02:00:00,80.79,378,213.73,6852
2026-02-01 03:00:00,79.18,364,217.53,6322
2026-02-01 04:00:00,80.99,367,220.68,6683
2026-02-01 05:00:00,79.05,371,213.07,6637
2026-02-01 06:00:00,81.04,324,250.12,6183
2026-02-01 07:00:00,79.31,367,216.1,6921
2026-02-01 08:00:00,79.86,350,228.17,6207
2026-02-01 09:00:00,85.73,358,239.47,6414
2026-02-01 10:00:00,77.09,355,217.15,6375
2026-02-01 11:00:00,87.74,415,211.42,7380
2026-02-01 12:00:00,78.21,350,223.46,6339
2026-02-01 13:00:00,75.1,352,213.35,6184
2026-02-01 14:00:00,69.55,337,206.38,5840
2026-02-01 15:00:00,73.39,350,209.69,6425
2026-02-01 16:00:00,67.68,329,205.71,6048
2026-02-01 17:00:00,69.36,323,214.74,5653
2026-02-01 18:00:00,77.66,351,221.25,6497
2026-02-01 19:00:00,68.67,285,240.95,5004
2026-02-01 20:00:00,73.86,329,224.5,5973
2026-02-01 21:00:00,68.68,296,232.03,5492
2026-02-01 22:00:00,72.71,360,201.97,6473
2026-02-01 23:00:00,81.0,362,223.76,6607
2026-02-02 00:00:00,74.71,338,221.04,5981
2026-02-02 01:00:00,85.36,392,217.76,7017
2026-02-02 02:00:00,83.45,376,221.94,6727
2026-02-02 03:00:00,80.7,389,207.46,6853
2026-02-02 04:00:00,86.19,379,227.41,6787
2026-02-02 05:00:00,88.21,400,220.52,6890
2026-02-02 06:00:00,87.29,382,228.51,6778
2026-02-02 07:00:00,79.38,337,235.55,6009
2026-02-02 08:00:00,81.57,358,227.85,6393
2026-02-02 09:00:00,82.01,368,222.85,6576
2026-02-02 10:00:00,81.0,358,226.26,6432
2026-02-02 11:00:00,81.54,357,228.4,6522
2026-02-02 12:00:00,77.95,330,236.21,6115
2026-02-02 13:00:00,70.62,317,222.78,5576
2026-02-02 14:00:00,74.73,314,237.99,5411
2026-02-02 15:00:00,73.91,344,214.85,5984
2026-02-02 16:00:00,72.5,327,221.71,5789
2026-02-02 17:00:00,73.56,309,238.06,5492
2026-02-02 18:00:00,72.46,321,225.73,5624
2026-02-02 19:00:00,71.45,310,230.48,5321
2026-02-02 20:00:00,70.43,322,218.73,5705
2026-02-02 21:00:00,66.17,318,208.08,5760
2026-02-02 22:00:00,75.18,310,242.52,5699
2026-02-02 23:00:00,76.37,345,221.36,6099
2026-02-03 00:00:00,78.7,352,223.58,6253
2026-02-03 01:00:00,75.38,349,215.99,6097
2026-02-03 02:00:00,78.03,354,220.42,6366
2026-02-03 03:00:00,87.2,381,228.87,6688
2026-02-03 04:00:00,84.68,376,225.21,6883
2026-02-03 05:00:00,88.04,384,229.27,6555
2026-02-03 06:00:00,86.06,403,213.55,7182
2026-02-03 07:00:00,85.82,387,221.76,7026
2026-02-03 08:00:00,88.24,426,207.14,7705
2026-02-03 09:00:00,81.91,368,222.58,7163
2026-02-03 10:00:00,82.43,360,228.97,6550
2026-02-03 11:00:00,78.59,331,237.43,5757
2026-02-03 12:00:00,76.65,318,241.04,5705
2026-02-03 13:00:00,75.05,314,239.01,5297
2026-02-03 14:00:00,75.02,342,219.36,6140
2026-02-03 15:00:00,70.94,327,216.94,5719
2026-02-03 16:00:00,75.78,317,239.05,5889
2026-02-03 17:00:00,67.48,317,212.87,5596
2026-02-03 18:00:00,69.72,306,227.84,5485
2026-02-03 19:00:00,69.15,313,220.93,5507
2026-02-03 20:00:00,76.58,369,207.53,6990
2026-02-03 21:00:00,73.51,344,213.69,6128
2026-02-03 22:00:00,78.13,348,224.51,6631
2026-02-03 23:00:00,71.28,307,232.18,5689
2026-02-04 00:00:00,79.52,326,243.93,5964
2026-02-04 01:00:00,83.81,366,228.99,6662
2026-02-04 02:00:00,82.95,370,224.19,6739
2026-02-04 03:00:00,88.08,382,230.58,6490
2026-02-04 04:00:00,83.85,375,223.6,6694
2026-02-04 05:00:00,91.42,413,221.36,7603
2026-02-04 06:00:00,94.84,423,224.21,7604
2026-02-04 07:00:00,85.29,374,228.05,6451
2026-02-04 08:00:00,84.24,382,220.52,6866
2026-02-04 09:00:00,89.65,410,218.66,7721
2026-02-04 10:00:00,88.47,382,231.6,7125
2026-02-04 11:00:00,79.21,378,209.55,6792
2026-02-04 12:00:00,77.54,347,223.46,6436
2026-02-04 13:00:00,75.99,342,222.19,6083
2026-02-04 14:00:00,70.37,327,215.2,5545
2026-02-04 15:00:00,70.24,320,219.5,5575
2026-02-04 16:00:00,68.71,323,212.72,6127
2026-02-04 17:00:00,68.77,314,219.01,5597
2026-02-04 18:00:00,71.1,311,228.62,5549
2026-02-04 19:00:00,72.35,331,218.58,5898
2026-02-04 20:00:00,77.79,333,233.6,6375
2026-02-04 21:00:00,70.17,317,221.36,6031
2026-02-04 22:00:00,78.8,354,222.6,6816
2026-02-04 23:00:00,76.57,341,224.55,6106
2026-02-05 00:00:00,79.26,355,223.27,6449
2026-02-05 01:00:00,83.9,349,240.4,5979
2026-02-05 02:00:00,79.57,350,227.34,6595
2026-02-05 03:00:00,86.53,391,221.3,6804
2026-02-05 04:00:00,87.08,394,221.02,7135
2026-02-05 05:00:00,89.06,385,231.32,6711
2026-02-05 06:00:00,88.65,418,212.08,7406
2026-02-05 07:00:00,96.0,419,229.12,7375
2026-02-05 08:00:00,84.41,394,214.24,6970
2026-02-05 09:00:00,83.54,382,218.69,6768
2026-02-05 10:00:00,81.6,358,227.93,6334
2026-02-05 11:00:00,79.94,386,207.1,7115
2026-02-05 12:00:00,77.62,331,234.5,5737
2026-02-05 13:00:00,81.98,383,214.05,6938
2026-02-05 14:00:00,80.89,379,213.43,7066
2026-02-05 15:00:00,72.3,315,229.52,5567
2026-02-05 16:00:00,70.15,337,208.16,5922
2026-02-05 17:00:00,73.95,329,224.77,5876
2026-02-05 18:00:00,70.13,320,219.16,5996
2026-02-05 19:00:00,74.58,340,219.35,6159
2026-02-05 20:00:00,73.91,331,223.29,5852
2026-02-05 21:00:00,69.2,324,213.58,5929
2026-02-05 22:00:00,81.62,379,215.36,6602
2026-02-05 23:00:00,84.45,354,238.56,6508
2026-02-06 00:00:00,78.13,371,210.59,6760
2026-02-06 01:00:00,81.02,340,238.29,6058
2026-02-06 02:00:00,85.34,400,213.35,7032
2026-02-06 03:00:00,87.2,409,213.2,7185
2026-02-06 04:00:00,89.64,387,231.63,7073
2026-02-06 05:00:00,95.21,422,225.62,7842
2026-02-06 06:00:00,87.86,379,231.82,6695
2026-02-06 07:00:00,85.45,381,224.28,6950
2026-02-06 08:00:00,82.65,367,225.2,6189
2026-02-06 09:00:00,83.68,388,215.67,6867
2026-02-06 10:00:00,84.5,400,211.25,7194
2026-02-06 11:00:00,89.01,421,211.43,7396
2026-02-06 12:00:00,78.88,347,227.32,6059
2026-02-06 13:00:00,79.44,354,224.41,6238
2026-02-06 14:00:00,76.7,320,239.69,5818
2026-02-06 15:00:00,79.3,345,229.86,6173
2026-02-06 16:00:00,82.75,387,213.82,6518
2026-02-06 17:00:00,71.28,345,206.61,5786
2026-02-06 18:00:00,71.19,302,235.73,5315
2026-02-06 19:00:00,76.86,337,228.07,6158
2026-02-06 20:00:00,76.43,344,222.18,5642
2026-02-06 21:00:00,81.81,372,219.92,6596
2026-02-06 22:00:00,79.08,344,229.88,6087
2026-02-06 23:00:00,77.75,356,218.4,6686
2026-02-07 00:00:00,83.18,367,226.65,6529
2026-02-07 01:00:00,87.1,392,222.19,7133
2026-02-07 02:00:00,88.05,404,217.95,7300
2026-02-07 03:00:00,88.65,399,222.18,6756
2026-02-07 04:00:00,91.91,407,225.82,7480
2026-02-07 05:00:00,93.11,417,223.29,7549
2026-02-07 06:00:00,94.16,422,223.13,7698
2026-02-07 07:00:00,91.35,406,225.0,8093
2026-02-07 08:00:00,87.73,391,224.37,6621
2026-02-07 09:00:00,87.6,418,209.57,7869
2026-02-07 10:00:00,89.68,412,217.67,7359
2026-02-07 11:00:00,80.71,359,224.82,6519
2026-02-07 12:00:00,82.82,383,216.24,6885
2026-02-07 13:00:00,78.12,347,225.13,6161
2026-02-07 14:00:00,77.7,367,211.72,6492
2026-02-07 15:00:00,80.45,368,218.61,6690
2026-02-07 16:00:00,75.41,338,223.11,5781
2026-02-07 17:00:00,74.14,340,218.06,6270
2026-02-07 18:00:00,68.98,287,240.35,5083
2026-02-07 19:00:00,76.66,328,233.72,5678
2026-02-07 20:00:00,77.14,329,234.47,5832
2026-02-07 21:00:00,83.76,379,221.0,7073
2026-02-07 22:00:00,76.8,372,206.45,6589
2026-02-07 23:00:00,80.61,396,203.56,7200
2026-02-08 00:00:00,82.82,382,216.81,6730
2026-02-08 01:00:00,89.58,411,217.96,7550
2026-02-08 02:00:00,85.69,359,238.69,6599
2026-02-08 03:00:00,88.69,391,226.83,7408
2026-02-08 04:00:00,91.15,398,229.02,7129
2026-02-08 05:00:00,90.51,398,227.41,7298
2026-02-08 06:00:00,88.6,396,223.74,7148
2026-02-08 07:00:00,90.6,401,225.94,7477
2026-02-08 08:00:00,92.92,388,239.48,6840
2026-02-08 09:00:00,84.33,391,215.68,7187
2026-02-08 10:00:00,86.77,374,232.01,6693
2026-02-08 11:00:00,81.96,372,220.32,6683
2026-02-08 12:00:00,86.56,421,205.61,7596
2026-02-08 13:00:00,75.01,324,231.51,5882
2026-02-08 14:00:00,76.49,306,249.97,5485
2026-02-08 15:00:00,78.14,347,225.19,6289
2026-02-08 16:00:00,81.06,381,212.76,7174
2026-02-08 17:00:00,74.59,365,204.36,6767
2026-02-08 18:00:00,72.64,308,235.84,5718
2026-02-08 19:00:00,81.47,374,217.83,6641
2026-02-08 20:00:00,70.66,311,227.2,5420
2026-02-08 21:00:00,69.34,310,223.68,5771
2026-02-08 22:00:00,80.26,401,200.15,7393
2026-02-08 23:00:00,78.93,333,237.03,6289
2026-02-09 00:00:00,79.22,360,220.06,6359
2026-02-09 01:00:00,87.38,400,218.45,7154
2026-02-09 02:00:00,87.72,411,213.43,7070
2026-02-09 03:00:00,86.58,391,221.43,6960
2026-02-09 04:00:00,85.38,389,219.49,7201
2026-02-09 05:00:00,93.75,416,225.36,7395
2026-02-09 06:00:00,93.28,424,220.0,7760
2026-02-09 07:00:00,90.42,402,224.93,7198
2026-02-09 08:00:00,96.46,443,217.74,8039
2026-02-09 09:00:00,85.02,377,225.52,6556
2026-02-09 10:00:00,81.8,374,218.72,6749
2026-02-09 11:00:00,82.83,372,222.66,6098
2026-02-09 12:00:00,83.05,391,212.4,7001
2026-02-09 13:00:00,82.03,368,222.91,6298
2026-02-09 14:00:00,78.44,326,240.61,6109
2026-02-09 15:00:00,78.89,374,210.94,6887
2026-02-09 16:00:00,72.04,311,231.64,5691
2026-02-09 17:00:00,80.71,353,228.64,6658
2026-02-09 18:00:00,75.14,329,228.39,5732
2026-02-09 19:00:00,79.64,379,210.13,7171
2026-02-09 20:00:00,77.76,318,244.53,5910
2026-02-09 21:00:00,79.47,405,196.22,7243
2026-02-09 22:00:00,81.56,383,212.95,7121
2026-02-09 23:00:00,83.1,377,220.42,6565
2026-02-10 00:00:00,85.88,386,222.49,6783
2026-02-10 01:00:00,90.39,411,219.93,7276
2026-02-10 02:00:00,88.39,406,217.71,7202
2026-02-10 03:00:00,91.88,423,217.21,7403
2026-02-10 04:00:00,90.39,415,217.81,7715
2026-02-10 05:00:00,96.58,436,221.51,7796
2026-02-10 06:00:00,89.48,400,223.7,7271
2026-02-10 07:00:00,97.91,438,223.54,7770
2026-02-10 08:00:00,90.7,405,223.95,6926
2026-02-10 09:00:00,84.6,398,212.56,7218
2026-02-10 10:00:00,88.43,407,217.27,6944
2026-02-10 11:00:00,83.71,333,251.38,5980
2026-02-10 12:00:00,87.0,401,216.96,6944
2026-02-10 13:00:00,79.73,362,220.25,6913
2026-02-10 14:00:00,78.56,353,222.55,6536
2026-02-10 15:00:00,71.89,318,226.07,5745
2026-02-10 16:00:00,75.68,357,211.99,6679
2026-02-10 17:00:00,68.02,320,212.56,5591
2026-02-10 18:00:00,70.72,307,230.36,5635
2026-02-10 19:00:00,79.23,363,218.26,6574
2026-02-10 20:00:00,80.16,346,231.68,6281
2026-02-10 21:00:00,80.2,340,235.88,6374
2026-02-10 22:00:00,77.02,337,228.55,6212
2026-02-10 23:00:00,82.2,383,214.62,6952
2026-02-11 00:00:00,84.46,394,214.37,6761
2026-02-11 01:00:00,82.53,379,217.76,6630
2026-02-11 02:00:00,93.81,433,216.65,7769
2026-02-11 03:00:00,93.31,428,218.01,7723
2026-02-11 04:00:00,90.77,399,227.49,6956
2026-02-11 05:00:00,92.47,423,218.61,8096
2026-02-11 06:00:00,93.41,432,216.23,8079
2026-02-11 07:00:00,85.3,395,215.95,7230
2026-02-11 08:00:00,90.82,427,212.69,7700
2026-02-11 09:00:00,88.06,407,216.36,7284
2026-02-11 10:00:00,85.32,389,219.33,6812
2026-02-11 11:00:00,85.95,403,213.28,7269
2026-02-11 12:00:00,91.19,410,222.41,7432
2026-02-11 13:00:00,85.1,370,230.0,6412
2026-02-11 14:00:00,78.97,353,223.71,6421
2026-02-11 15:00:00,81.35,355,229.15,6359
