Machine_ID,Timestamp,Temperature,Vibration,Torque,RPM,Tool_Wear,Machine_Failure
Compressor_03,2026-08-01 00:00:00,87.16,2.81,35.44,1674,0.0,Não
Turbina_02,2026-08-01 00:30:00,89.39,2.74,31.74,1721,2.4,Não
Motor_04,2026-08-01 01:00:00,82.9,2.71,47.22,1572,0.0,Não
Turbina_02,2026-08-01 01:30:00,81.59,3.7,35.24,1611,0.0,Não
Compressor_03,2026-08-01 02:00:00,91.1,3.36,37.0,1858,8.2,Não
Motor_04,2026-08-01 02:30:00,88.98,3.06,36.94,1675,0.9,Não
Compressor_03,2026-08-01 03:00:00,89.29,2.43,40.01,2070,2.7,Não
Caldeira_01,2026-08-01 03:30:00,82.66,3.08,47.95,1810,7.8,Não
Motor_04,2026-08-01 04:00:00,90.57,3.38,34.62,1597,12.6,Não
Compressor_03,2026-08-01 04:30:00,75.27,3.41,38.62,1628,7.2,Não
Motor_04,2026-08-01 05:00:00,90.66,3.31,40.54,1957,4.5,Não
Compressor_03,2026-08-01 05:30:00,84.67,2.55,36.09,1788,6.7,Não
Motor_04,2026-08-01 06:00:00,85.64,1.52,38.55,1948,3.3,Não
Compressor_03,2026-08-01 06:30:00,80.27,4.46,42.68,1745,5.4,Não
Caldeira_01,2026-08-01 07:00:00,75.93,2.28,36.6,1715,6.3,Não
Motor_04,2026-08-01 07:30:00,85.54,1.82,38.48,1967,2.1,Não
Motor_04,2026-08-01 08:00:00,87.76,3.29,38.06,1671,6.5,Não
Motor_04,2026-08-01 08:30:00,88.51,2.0,39.53,1873,8.6,Não
Motor_04,2026-08-01 09:00:00,87.97,2.64,41.09,1768,9.8,Não
Caldeira_01,2026-08-01 09:30:00,86.84,3.58,42.64,1931,9.8,Não
Motor_04,2026-08-01 10:00:00,80.38,4.44,48.72,2072,1.3,Não
Turbina_02,2026-08-01 10:30:00,88.84,3.47,28.04,1741,14.6,Não
Caldeira_01,2026-08-01 11:00:00,79.82,2.89,39.25,1717,14.5,Não
Turbina_02,2026-08-01 11:30:00,90.54,3.16,33.86,1899,8.7,Não
Motor_04,2026-08-01 12:00:00,84.58,1.93,38.27,1637,11.9,Não
Compressor_03,2026-08-01 12:30:00,84.75,2.88,43.96,2042,8.9,Não
Turbina_02,2026-08-01 13:00:00,89.33,2.89,45.39,2016,14.2,Não
Motor_04,2026-08-01 13:30:00,90.01,3.31,45.6,1650,6.7,Não
Turbina_02,2026-08-01 14:00:00,88.85,4.56,45.56,1562,17.9,Não
Motor_04,2026-08-01 14:30:00,80.9,1.84,39.22,1625,15.1,Não
Motor_04,2026-08-01 15:00:00,88.81,2.91,46.29,1628,15.6,Não
Motor_04,2026-08-01 15:30:00,80.93,1.92,47.19,1920,11.9,Não
Compressor_03,2026-08-01 16:00:00,88.94,2.85,40.62,2032,5.8,Não
Turbina_02,2026-08-01 16:30:00,77.87,2.59,45.3,1918,17.6,Não
Caldeira_01,2026-08-01 17:00:00,84.53,2.15,40.19,1764,6.7,Não
Caldeira_01,2026-08-01 17:30:00,80.9,3.84,46.35,1851,18.5,Não
Caldeira_01,2026-08-01 18:00:00,89.35,3.38,39.27,1669,10.6,Não
Caldeira_01,2026-08-01 18:30:00,90.58,3.76,37.26,1964,6.9,Não
Motor_04,2026-08-01 19:00:00,85.99,2.83,34.96,1864,15.2,Não
Turbina_02,2026-08-01 19:30:00,85.83,3.15,39.22,1915,21.5,Não
Turbina_02,2026-08-01 20:00:00,88.52,4.32,40.38,1690,11.2,Não
Compressor_03,2026-08-01 20:30:00,90.61,3.2,35.74,1774,24.4,Não
Turbina_02,2026-08-01 21:00:00,85.19,3.77,38.87,1908,20.1,Não
Turbina_02,2026-08-01 21:30:00,82.5,2.77,37.63,2016,18.0,Não
Turbina_02,2026-08-01 22:00:00,88.24,3.7,35.15,1708,15.5,Não
Compressor_03,2026-08-01 22:30:00,75.71,2.82,44.66,1917,16.2,Não
Caldeira_01,2026-08-01 23:00:00,89.55,1.87,45.45,1693,20.6,Não
Turbina_02,2026-08-01 23:30:00,81.45,3.19,44.64,2117,23.1,Não
Compressor_03,2026-08-02 00:00:00,83.8,2.87,39.62,1737,16.3,Não
Compressor_03,2026-08-02 00:30:00,89.58,2.06,39.9,1896,15.6,Não
Motor_04,2026-08-02 01:00:00,82.92,3.33,35.22,1824,19.0,Não
Compressor_03,2026-08-02 01:30:00,88.24,2.57,41.87,2190,27.4,Não
Caldeira_01,2026-08-02 02:00:00,90.69,5.36,40.76,1834,14.8,Sim
Turbina_02,2026-08-02 02:30:00,85.55,2.17,52.8,1722,26.9,Não
Compressor_03,2026-08-02 03:00:00,86.56,2.35,44.89,1895,21.8,Não
Caldeira_01,2026-08-02 03:30:00,84.4,3.81,41.42,1892,13.8,Não
Compressor_03,2026-08-02 04:00:00,85.58,3.11,39.81,1776,20.1,Não
Compressor_03,2026-08-02 04:30:00,79.42,3.79,44.51,1635,25.9,Não
Compressor_03,2026-08-02 05:00:00,83.53,3.47,35.88,1720,32.2,Não
Compressor_03,2026-08-02 05:30:00,78.56,2.79,45.13,1932,17.0,Não
Compressor_03,2026-08-02 06:00:00,80.51,2.23,35.11,1537,9.9,Não
Caldeira_01,2026-08-02 06:30:00,74.99,3.95,37.47,1762,17.9,Não
Turbina_02,2026-08-02 07:00:00,86.32,2.3,31.73,1949,30.5,Não
Turbina_02,2026-08-02 07:30:00,93.46,3.59,42.76,1785,16.3,Não
Turbina_02,2026-08-02 08:00:00,82.72,3.84,41.12,2126,33.1,Não
Turbina_02,2026-08-02 08:30:00,89.83,3.11,37.47,1538,32.1,Não
Caldeira_01,2026-08-02 09:00:00,90.63,2.99,35.82,1655,27.4,Não
Motor_04,2026-08-02 09:30:00,79.0,2.51,46.2,1452,23.7,Não
Motor_04,2026-08-02 10:00:00,80.08,3.52,39.4,2099,27.5,Não
Caldeira_01,2026-08-02 10:30:00,89.95,1.07,36.55,1658,30.7,Não
Caldeira_01,2026-08-02 11:00:00,84.54,3.7,48.65,1501,30.3,Não
Compressor_03,2026-08-02 11:30:00,78.55,3.28,37.04,1708,37.1,Não
Compressor_03,2026-08-02 12:00:00,81.82,3.04,45.12,1591,27.5,Não
Compressor_03,2026-08-02 12:30:00,87.1,3.37,34.82,1709,22.7,Não
Turbina_02,2026-08-02 13:00:00,81.03,2.24,38.4,1806,22.3,Não
Compressor_03,2026-08-02 13:30:00,71.13,1.51,42.26,1920,21.7,Não
Motor_04,2026-08-02 14:00:00,83.39,3.53,39.74,1773,31.4,Não
Turbina_02,2026-08-02 14:30:00,83.8,4.12,41.1,1803,29.7,Não
Compressor_03,2026-08-02 15:00:00,85.05,1.98,37.58,1712,31.4,Não
Turbina_02,2026-08-02 15:30:00,91.29,2.46,32.81,1573,29.0,Não
Motor_04,2026-08-02 16:00:00,85.27,3.73,46.6,1523,26.5,Não
Compressor_03,2026-08-02 16:30:00,86.21,3.45,37.85,1745,35.5,Não
Motor_04,2026-08-02 17:00:00,90.28,5.27,41.3,1812,20.5,Sim
Motor_04,2026-08-02 17:30:00,85.05,3.95,43.16,1734,29.2,Não
Motor_04,2026-08-02 18:00:00,95.68,3.78,41.39,1528,37.6,Não
Compressor_03,2026-08-02 18:30:00,78.68,2.67,36.81,1830,29.6,Não
Caldeira_01,2026-08-02 19:00:00,80.33,3.57,45.22,2044,36.4,Não
Compressor_03,2026-08-02 19:30:00,88.07,4.25,42.31,1782,30.9,Não
Motor_04,2026-08-02 20:00:00,91.27,3.08,40.89,1713,33.0,Não
Compressor_03,2026-08-02 20:30:00,84.0,3.12,40.79,1790,38.5,Não
Motor_04,2026-08-02 21:00:00,79.95,3.3,47.57,1634,29.7,Não
Caldeira_01,2026-08-02 21:30:00,93.8,2.73,36.71,1624,40.2,Não
Turbina_02,2026-08-02 22:00:00,81.04,3.39,41.87,1867,37.1,Não
Caldeira_01,2026-08-02 22:30:00,86.7,3.37,37.62,1948,43.5,Não
Caldeira_01,2026-08-02 23:00:00,91.57,4.24,31.29,1777,38.7,Não
Turbina_02,2026-08-02 23:30:00,82.79,3.07,31.17,1503,32.7,Não
Compressor_03,2026-08-03 00:00:00,81.89,3.67,35.43,1853,47.1,Não
Turbina_02,2026-08-03 00:30:00,82.23,3.09,37.04,2110,33.9,Não
Compressor_03,2026-08-03 01:00:00,89.51,3.65,49.78,1763,38.1,Não
Compressor_03,2026-08-03 01:30:00,90.3,3.02,43.14,1773,44.5,Não
Motor_04,2026-08-03 02:00:00,85.17,3.6,43.55,1669,30.7,Não
Motor_04,2026-08-03 02:30:00,94.42,3.71,37.13,1872,47.7,Não
Turbina_02,2026-08-03 03:00:00,85.16,2.45,40.28,1699,35.1,Não
Caldeira_01,2026-08-03 03:30:00,91.46,3.97,50.38,1953,39.0,Não
Turbina_02,2026-08-03 04:00:00,82.84,3.08,34.54,1701,43.1,Não
Compressor_03,2026-08-03 04:30:00,96.67,2.87,42.05,1851,41.9,Sim
Motor_04,2026-08-03 05:00:00,92.85,2.7,47.25,1793,46.4,Não
Turbina_02,2026-08-03 05:30:00,84.36,3.41,44.35,2033,34.9,Não
Turbina_02,2026-08-03 06:00:00,92.17,3.2,48.11,1861,46.9,Não
Motor_04,2026-08-03 06:30:00,91.92,3.46,40.96,2008,47.7,Não
Motor_04,2026-08-03 07:00:00,92.77,3.47,42.72,1816,49.2,Não
Motor_04,2026-08-03 07:30:00,72.59,3.63,40.49,1774,36.5,Não
Compressor_03,2026-08-03 08:00:00,88.6,5.14,42.4,1794,37.5,Sim
Motor_04,2026-08-03 08:30:00,87.71,3.23,35.88,1684,43.6,Não
Caldeira_01,2026-08-03 09:00:00,87.36,2.69,43.57,1879,38.9,Não
Turbina_02,2026-08-03 09:30:00,86.09,1.79,41.32,1696,37.1,Não
Motor_04,2026-08-03 10:00:00,86.24,2.36,40.28,1816,44.6,Não
Motor_04,2026-08-03 10:30:00,91.42,4.06,47.86,1928,48.0,Não
Compressor_03,2026-08-03 11:00:00,87.7,3.7,38.81,2037,61.3,Não
Compressor_03,2026-08-03 11:30:00,86.08,2.26,45.44,1824,50.4,Não
Turbina_02,2026-08-03 12:00:00,90.7,4.92,45.88,1929,56.8,Não
Caldeira_01,2026-08-03 12:30:00,87.09,3.43,43.85,1911,48.3,Não
Turbina_02,2026-08-03 13:00:00,87.57,3.52,35.66,1742,51.7,Não
Motor_04,2026-08-03 13:30:00,94.34,4.77,41.62,2116,48.6,Não
Caldeira_01,2026-08-03 14:00:00,82.83,4.42,48.81,1713,63.1,Não
Caldeira_01,2026-08-03 14:30:00,77.42,3.75,31.82,1813,46.7,Não
Caldeira_01,2026-08-03 15:00:00,85.36,3.78,39.16,2018,47.7,Não
Caldeira_01,2026-08-03 15:30:00,86.07,3.85,45.23,2014,54.9,Não
Turbina_02,2026-08-03 16:00:00,88.61,3.03,39.48,1802,52.3,Não
Compressor_03,2026-08-03 16:30:00,85.54,3.4,43.64,1948,49.6,Não
Compressor_03,2026-08-03 17:00:00,88.78,3.6,46.34,1766,56.9,Não
Motor_04,2026-08-03 17:30:00,97.52,3.11,41.04,1726,52.3,Sim
Compressor_03,2026-08-03 18:00:00,89.01,2.52,42.29,1618,52.6,Não
Compressor_03,2026-08-03 18:30:00,89.89,3.01,40.41,1908,54.4,Não
Compressor_03,2026-08-03 19:00:00,84.35,2.51,41.34,1924,45.0,Não
Compressor_03,2026-08-03 19:30:00,78.07,3.25,49.46,1714,46.1,Não
Motor_04,2026-08-03 20:00:00,73.51,1.95,39.71,1840,59.9,Não
Turbina_02,2026-08-03 20:30:00,82.41,3.44,38.41,2197,51.5,Não
Caldeira_01,2026-08-03 21:00:00,72.1,2.06,44.69,1972,54.6,Não
Compressor_03,2026-08-03 21:30:00,87.57,2.92,36.21,1664,63.8,Não
Turbina_02,2026-08-03 22:00:00,83.09,3.55,37.23,1950,55.7,Não
Compressor_03,2026-08-03 22:30:00,78.43,3.75,37.26,1665,55.4,Não
Compressor_03,2026-08-03 23:00:00,85.65,3.67,38.85,1365,61.4,Não
Caldeira_01,2026-08-03 23:30:00,81.31,3.42,39.05,1796,54.3,Não
Caldeira_01,2026-08-04 00:00:00,87.25,2.42,43.15,2034,63.7,Não
Caldeira_01,2026-08-04 00:30:00,88.54,3.89,38.46,2009,62.5,Não
Compressor_03,2026-08-04 01:00:00,81.49,2.43,43.33,1856,67.6,Não
Compressor_03,2026-08-04 01:30:00,83.81,3.97,43.89,1718,55.4,Não
Compressor_03,2026-08-04 02:00:00,86.07,3.64,37.06,1872,66.1,Não
Caldeira_01,2026-08-04 02:30:00,77.96,4.15,43.79,1759,62.5,Não
Motor_04,2026-08-04 03:00:00,86.07,3.22,44.2,1722,53.5,Não
Turbina_02,2026-08-04 03:30:00,77.84,2.63,32.08,1959,47.5,Não
Motor_04,2026-08-04 04:00:00,87.83,2.3,41.32,1721,56.9,Não
Compressor_03,2026-08-04 04:30:00,82.82,2.37,37.72,1969,62.8,Não
Compressor_03,2026-08-04 05:00:00,77.82,2.05,45.86,1711,63.9,Não
Motor_04,2026-08-04 05:30:00,82.1,3.86,37.68,2108,61.8,Não
Compressor_03,2026-08-04 06:00:00,82.31,3.95,33.97,1553,62.3,Não
Turbina_02,2026-08-04 06:30:00,90.34,3.59,39.87,1656,62.3,Não
Compressor_03,2026-08-04 07:00:00,85.87,3.18,35.96,1776,68.5,Não
Turbina_02,2026-08-04 07:30:00,80.22,4.64,43.82,1502,56.5,Não
Motor_04,2026-08-04 08:00:00,93.25,3.13,36.36,1414,65.4,Não
Motor_04,2026-08-04 08:30:00,88.13,3.35,39.92,1503,60.4,Não
Compressor_03,2026-08-04 09:00:00,83.32,3.17,46.96,1756,60.4,Não
Turbina_02,2026-08-04 09:30:00,77.23,2.96,44.94,1759,71.2,Não
Compressor_03,2026-08-04 10:00:00,82.88,3.64,42.15,1849,60.8,Não
Caldeira_01,2026-08-04 10:30:00,83.9,2.76,39.43,1770,65.4,Não
Caldeira_01,2026-08-04 11:00:00,86.85,2.71,41.72,1844,76.3,Não
Caldeira_01,2026-08-04 11:30:00,88.04,3.68,43.1,1732,71.1,Não
Caldeira_01,2026-08-04 12:00:00,89.03,2.85,35.56,1907,65.0,Não
Compressor_03,2026-08-04 12:30:00,76.94,3.29,43.83,1889,65.9,Não
Caldeira_01,2026-08-04 13:00:00,86.04,2.96,35.04,1750,62.0,Não
Turbina_02,2026-08-04 13:30:00,84.2,3.19,42.58,1879,75.0,Não
Motor_04,2026-08-04 14:00:00,98.39,2.73,35.02,1771,74.0,Sim
Motor_04,2026-08-04 14:30:00,85.32,2.75,48.83,1571,72.7,Não
Caldeira_01,2026-08-04 15:00:00,81.89,2.63,43.44,1935,73.7,Não
Caldeira_01,2026-08-04 15:30:00,85.55,3.79,33.0,1663,66.2,Não
Caldeira_01,2026-08-04 16:00:00,84.96,3.32,40.0,1934,62.8,Não
Compressor_03,2026-08-04 16:30:00,75.05,3.84,37.65,1848,73.7,Não
Motor_04,2026-08-04 17:00:00,87.04,3.92,37.12,1787,75.8,Não
Caldeira_01,2026-08-04 17:30:00,83.45,2.88,40.66,1518,79.8,Não
Turbina_02,2026-08-04 18:00:00,84.87,3.82,35.82,2030,71.1,Não
Caldeira_01,2026-08-04 18:30:00,80.63,3.19,43.43,1745,70.8,Não
Motor_04,2026-08-04 19:00:00,79.53,3.09,43.17,1895,71.7,Não
Caldeira_01,2026-08-04 19:30:00,89.39,4.08,41.58,1782,76.7,Não
Motor_04,2026-08-04 20:00:00,90.54,3.59,39.91,1759,72.3,Não
Caldeira_01,2026-08-04 20:30:00,87.09,2.95,42.97,1828,73.9,Não
Turbina_02,2026-08-04 21:00:00,75.95,3.54,43.56,1803,78.7,Não
Caldeira_01,2026-08-04 21:30:00,87.42,2.31,42.05,1759,71.8,Não
Turbina_02,2026-08-04 22:00:00,76.02,3.37,34.1,1791,82.3,Não
Turbina_02,2026-08-04 22:30:00,81.69,2.15,36.45,1864,78.9,Não
Caldeira_01,2026-08-04 23:00:00,89.33,2.51,38.79,1874,66.8,Não
Turbina_02,2026-08-04 23:30:00,88.29,3.61,33.36,1806,74.0,Não
Compressor_03,2026-08-05 00:00:00,87.28,1.33,41.01,1893,66.8,Não
Caldeira_01,2026-08-05 00:30:00,91.56,4.46,46.35,1736,76.3,Não
Caldeira_01,2026-08-05 01:00:00,87.8,3.78,45.63,2133,75.2,Não
Turbina_02,2026-08-05 01:30:00,74.9,1.91,43.33,2022,82.3,Não
Turbina_02,2026-08-05 02:00:00,83.15,4.88,43.27,1914,74.1,Não
Caldeira_01,2026-08-05 02:30:00,84.79,5.07,49.97,1508,80.9,Sim
Compressor_03,2026-08-05 03:00:00,84.21,3.07,43.8,1890,82.2,Não
Turbina_02,2026-08-05 03:30:00,81.91,2.55,44.17,1749,81.0,Não
Turbina_02,2026-08-05 04:00:00,79.85,4.38,33.52,1653,85.8,Não
Motor_04,2026-08-05 04:30:00,97.0,2.96,46.0,1745,90.9,Sim
Compressor_03,2026-08-05 05:00:00,83.06,3.31,41.79,1669,81.5,Não
Compressor_03,2026-08-05 05:30:00,96.76,4.05,39.64,1876,83.4,Sim
Caldeira_01,2026-08-05 06:00:00,79.29,3.09,38.53,2042,77.3,Não
Compressor_03,2026-08-05 06:30:00,88.29,3.03,37.53,1923,77.0,Não
Caldeira_01,2026-08-05 07:00:00,86.15,2.31,45.66,2214,87.7,Não
Motor_04,2026-08-05 07:30:00,80.39,2.76,39.87,1566,87.4,Não
Compressor_03,2026-08-05 08:00:00,82.66,3.02,37.7,1724,78.2,Não
Turbina_02,2026-08-05 08:30:00,84.92,2.33,36.53,1658,77.2,Não
Motor_04,2026-08-05 09:00:00,80.78,2.4,40.77,1984,80.9,Não
Caldeira_01,2026-08-05 09:30:00,83.72,3.22,38.38,1766,83.8,Não
Motor_04,2026-08-05 10:00:00,73.18,1.91,37.36,1828,82.9,Não
Caldeira_01,2026-08-05 10:30:00,88.56,2.58,33.78,1895,86.1,Não
Motor_04,2026-08-05 11:00:00,91.14,4.56,44.32,1581,90.3,Não
Caldeira_01,2026-08-05 11:30:00,87.27,2.96,39.38,1706,88.5,Não
Compressor_03,2026-08-05 12:00:00,96.32,2.87,35.12,1949,89.2,Sim
Turbina_02,2026-08-05 12:30:00,88.41,2.96,38.78,1717,74.7,Não
Caldeira_01,2026-08-05 13:00:00,90.71,2.97,42.47,1542,79.3,Não
Motor_04,2026-08-05 13:30:00,91.19,3.6,40.13,1664,83.8,Não
Caldeira_01,2026-08-05 14:00:00,71.24,3.55,40.86,1757,85.0,Não
Caldeira_01,2026-08-05 14:30:00,87.12,2.93,40.19,1825,92.7,Não
Caldeira_01,2026-08-05 15:00:00,78.09,3.05,34.25,1789,84.6,Não
Motor_04,2026-08-05 15:30:00,79.1,4.12,44.27,1707,92.7,Não
Turbina_02,2026-08-05 16:00:00,79.97,2.14,32.31,1940,85.8,Não
Compressor_03,2026-08-05 16:30:00,83.44,3.16,42.08,1780,84.1,Não
Turbina_02,2026-08-05 17:00:00,88.25,3.29,42.77,1831,84.8,Não
Caldeira_01,2026-08-05 17:30:00,87.17,2.66,39.01,1715,102.2,Não
Motor_04,2026-08-05 18:00:00,84.94,3.12,41.59,2026,87.3,Não
Turbina_02,2026-08-05 18:30:00,88.61,2.56,38.75,1741,95.2,Não
Caldeira_01,2026-08-05 19:00:00,88.92,3.65,41.64,1811,84.4,Não
Compressor_03,2026-08-05 19:30:00,87.21,2.26,44.47,1955,99.6,Não
Compressor_03,2026-08-05 20:00:00,76.38,3.94,36.44,1842,94.7,Não
Compressor_03,2026-08-05 20:30:00,81.3,3.15,43.03,1838,94.7,Não
Caldeira_01,2026-08-05 21:00:00,85.13,2.89,47.62,1503,95.8,Não
Motor_04,2026-08-05 21:30:00,88.67,2.5,41.19,1902,96.8,Não
Turbina_02,2026-08-05 22:00:00,78.36,3.92,37.74,1808,98.6,Não
Compressor_03,2026-08-05 22:30:00,84.94,2.74,50.18,1881,92.0,Não
Caldeira_01,2026-08-05 23:00:00,77.17,2.38,40.4,1827,92.1,Não
Caldeira_01,2026-08-05 23:30:00,90.13,3.94,41.04,1716,96.0,Não
Turbina_02,2026-08-06 00:00:00,86.21,2.57,41.14,1934,99.6,Não
Compressor_03,2026-08-06 00:30:00,78.27,3.13,42.02,1829,96.2,Não
Caldeira_01,2026-08-06 01:00:00,78.24,3.77,38.48,1606,100.8,Não
Turbina_02,2026-08-06 01:30:00,86.94,3.31,40.85,1996,100.5,Não
Motor_04,2026-08-06 02:00:00,91.87,4.41,44.28,1585,96.7,Não
Motor_04,2026-08-06 02:30:00,79.52,2.62,38.32,1935,89.4,Não
Motor_04,2026-08-06 03:00:00,88.93,3.05,38.11,2023,96.0,Não
Compressor_03,2026-08-06 03:30:00,82.29,3.11,38.69,1634,107.7,Não
Turbina_02,2026-08-06 04:00:00,89.12,3.63,35.06,1781,101.1,Não
Turbina_02,2026-08-06 04:30:00,88.42,4.1,36.93,1767,96.6,Não
Caldeira_01,2026-08-06 05:00:00,85.78,3.25,36.74,1774,101.4,Não
Caldeira_01,2026-08-06 05:30:00,75.83,3.1,40.0,2074,104.0,Não
Caldeira_01,2026-08-06 06:00:00,88.41,2.16,43.76,1635,97.8,Não
Turbina_02,2026-08-06 06:30:00,87.51,3.28,46.54,1754,107.5,Não
Caldeira_01,2026-08-06 07:00:00,87.05,2.74,40.26,2025,104.2,Não
Turbina_02,2026-08-06 07:30:00,85.98,3.63,42.05,1751,96.7,Não
Turbina_02,2026-08-06 08:00:00,80.61,2.91,41.1,1659,106.9,Não
Motor_04,2026-08-06 08:30:00,90.41,3.03,30.58,1839,100.9,Não
Caldeira_01,2026-08-06 09:00:00,89.49,2.18,34.83,1920,102.5,Não
Motor_04,2026-08-06 09:30:00,79.62,1.93,43.43,1741,98.7,Não
Compressor_03,2026-08-06 10:00:00,91.57,4.5,43.86,1883,107.3,Não
Compressor_03,2026-08-06 10:30:00,85.66,3.29,43.76,1593,103.8,Não
Compressor_03,2026-08-06 11:00:00,85.65,3.48,39.2,1601,108.3,Não
Turbina_02,2026-08-06 11:30:00,84.12,2.56,31.02,1733,102.6,Não
Turbina_02,2026-08-06 12:00:00,84.61,3.81,35.37,1888,102.4,Não
Turbina_02,2026-08-06 12:30:00,91.85,3.69,36.06,1914,102.4,Não
Caldeira_01,2026-08-06 13:00:00,90.17,2.64,42.83,1622,108.6,Não
Motor_04,2026-08-06 13:30:00,90.06,2.46,38.39,1908,103.6,Não
Turbina_02,2026-08-06 14:00:00,85.92,2.69,47.61,1824,106.4,Não
Motor_04,2026-08-06 14:30:00,89.45,3.18,46.6,1668,105.2,Não
Motor_04,2026-08-06 15:00:00,80.83,3.32,47.53,1599,110.4,Não
Motor_04,2026-08-06 15:30:00,87.92,3.23,35.88,1834,99.9,Não
Caldeira_01,2026-08-06 16:00:00,84.23,4.11,42.21,1993,110.2,Não
Caldeira_01,2026-08-06 16:30:00,74.7,2.7,37.85,1805,118.0,Não
Compressor_03,2026-08-06 17:00:00,77.07,2.44,41.48,1659,116.0,Não
Compressor_03,2026-08-06 17:30:00,81.69,3.2,36.37,1519,107.1,Não
Motor_04,2026-08-06 18:00:00,87.08,2.01,45.52,2029,113.1,Não
Compressor_03,2026-08-06 18:30:00,81.69,3.69,36.46,1956,112.5,Não
Motor_04,2026-08-06 19:00:00,82.04,3.27,31.24,1845,118.7,Não
Caldeira_01,2026-08-06 19:30:00,88.82,2.96,49.15,2021,99.2,Não
Caldeira_01,2026-08-06 20:00:00,82.22,2.92,41.99,1833,117.8,Não
Caldeira_01,2026-08-06 20:30:00,91.65,3.84,35.19,1720,111.3,Não
Turbina_02,2026-08-06 21:00:00,90.83,3.81,39.27,1883,109.3,Não
Motor_04,2026-08-06 21:30:00,85.11,3.03,37.4,1675,109.5,Não
Caldeira_01,2026-08-06 22:00:00,88.77,3.61,40.03,1650,107.3,Não
Motor_04,2026-08-06 22:30:00,88.09,3.8,43.61,1915,111.1,Não
Compressor_03,2026-08-06 23:00:00,83.77,3.43,42.91,1928,109.2,Não
Compressor_03,2026-08-06 23:30:00,89.31,3.06,41.14,1608,115.9,Não
Caldeira_01,2026-08-07 00:00:00,90.04,3.47,40.02,1614,118.3,Não
Motor_04,2026-08-07 00:30:00,80.24,2.47,44.85,1733,114.5,Não
Caldeira_01,2026-08-07 01:00:00,85.77,3.25,31.34,1693,123.7,Não
Compressor_03,2026-08-07 01:30:00,85.71,3.04,36.63,1871,113.9,Não
Caldeira_01,2026-08-07 02:00:00,89.25,2.93,35.6,1807,115.5,Não
Motor_04,2026-08-07 02:30:00,82.78,1.99,44.53,1974,115.0,Não
Compressor_03,2026-08-07 03:00:00,82.01,2.48,36.67,1847,120.8,Não
Turbina_02,2026-08-07 03:30:00,85.84,2.86,34.21,1703,121.7,Não
Compressor_03,2026-08-07 04:00:00,90.91,3.83,42.47,1516,121.1,Não
Turbina_02,2026-08-07 04:30:00,79.0,3.4,35.91,1826,118.4,Não
Caldeira_01,2026-08-07 05:00:00,79.88,3.86,38.42,1543,112.7,Não
Caldeira_01,2026-08-07 05:30:00,82.4,4.07,50.72,1701,118.2,Não
Motor_04,2026-08-07 06:00:00,83.29,3.43,43.54,1691,127.6,Não
Turbina_02,2026-08-07 06:30:00,76.17,3.3,39.05,1723,125.7,Não
Caldeira_01,2026-08-07 07:00:00,92.49,2.52,39.45,1602,122.5,Não
Turbina_02,2026-08-07 07:30:00,84.35,4.59,44.08,1691,119.5,Não
Caldeira_01,2026-08-07 08:00:00,83.6,2.21,42.98,1971,121.7,Não
Compressor_03,2026-08-07 08:30:00,93.11,3.28,40.34,1971,120.3,Não
Caldeira_01,2026-08-07 09:00:00,88.59,3.78,40.47,2029,128.6,Não
Motor_04,2026-08-07 09:30:00,82.32,3.79,33.34,1801,118.8,Não
Compressor_03,2026-08-07 10:00:00,85.82,2.39,32.39,1840,128.0,Não
Motor_04,2026-08-07 10:30:00,84.79,2.91,39.2,1974,121.2,Não
Compressor_03,2026-08-07 11:00:00,92.24,2.64,37.15,1579,130.8,Não
Turbina_02,2026-08-07 11:30:00,84.16,1.81,42.64,1920,126.7,Não
Motor_04,2026-08-07 12:00:00,77.79,3.29,40.89,1995,121.3,Não
Caldeira_01,2026-08-07 12:30:00,75.61,2.7,36.52,1666,123.9,Não
Turbina_02,2026-08-07 13:00:00,92.38,4.25,40.73,2007,129.4,Não
Caldeira_01,2026-08-07 13:30:00,81.06,3.63,38.12,2108,123.7,Não
Compressor_03,2026-08-07 14:00:00,88.35,3.23,49.3,1916,126.7,Não
Compressor_03,2026-08-07 14:30:00,85.36,2.87,41.74,1889,124.4,Não
Caldeira_01,2026-08-07 15:00:00,82.92,3.28,32.98,1632,136.2,Não
Caldeira_01,2026-08-07 15:30:00,83.7,3.02,48.19,1960,137.5,Não
Turbina_02,2026-08-07 16:00:00,92.92,3.25,37.15,1646,135.5,Não
Caldeira_01,2026-08-07 16:30:00,77.76,4.53,35.61,1855,128.0,Não
Motor_04,2026-08-07 17:00:00,83.07,2.45,49.65,1870,127.0,Não
Motor_04,2026-08-07 17:30:00,89.53,3.08,41.56,1305,125.5,Não
Caldeira_01,2026-08-07 18:00:00,78.58,3.69,43.15,1860,137.5,Não
Motor_04,2026-08-07 18:30:00,91.59,2.92,43.3,2193,134.9,Não
Caldeira_01,2026-08-07 19:00:00,89.46,4.31,39.07,1486,135.5,Não
Turbina_02,2026-08-07 19:30:00,86.36,3.67,37.42,1791,129.8,Não
Motor_04,2026-08-07 20:00:00,82.48,2.7,38.16,1507,122.6,Não
Motor_04,2026-08-07 20:30:00,77.94,3.34,47.24,1665,124.2,Não
Caldeira_01,2026-08-07 21:00:00,88.54,2.71,40.92,1510,132.5,Não
Motor_04,2026-08-07 21:30:00,98.74,2.64,45.91,1823,130.0,Sim
Compressor_03,2026-08-07 22:00:00,85.73,3.1,39.66,1919,129.8,Não
Turbina_02,2026-08-07 22:30:00,75.87,4.08,36.6,1861,135.1,Não
Turbina_02,2026-08-07 23:00:00,87.29,3.72,33.51,1660,138.9,Não
Motor_04,2026-08-07 23:30:00,89.3,3.18,42.92,1708,130.7,Não
Motor_04,2026-08-08 00:00:00,80.41,3.75,47.62,1840,128.1,Não
Compressor_03,2026-08-08 00:30:00,81.77,3.39,36.01,1665,131.6,Não
Compressor_03,2026-08-08 01:00:00,81.26,2.38,42.31,1600,130.2,Não
Motor_04,2026-08-08 01:30:00,82.34,3.1,33.81,1764,138.8,Não
Motor_04,2026-08-08 02:00:00,84.14,3.15,37.5,1658,136.2,Não
Compressor_03,2026-08-08 02:30:00,80.7,3.73,41.21,1861,146.0,Não
Caldeira_01,2026-08-08 03:00:00,78.82,2.8,32.22,1994,140.7,Não
Compressor_03,2026-08-08 03:30:00,85.87,2.56,39.92,2189,146.5,Não
Caldeira_01,2026-08-08 04:00:00,84.09,3.17,36.23,1850,130.8,Não
Turbina_02,2026-08-08 04:30:00,82.82,2.75,42.72,1896,122.0,Não
Turbina_02,2026-08-08 05:00:00,85.42,2.97,39.26,1710,139.8,Não
Compressor_03,2026-08-08 05:30:00,77.4,3.14,44.23,1719,139.6,Não
Caldeira_01,2026-08-08 06:00:00,86.32,2.93,38.74,1992,138.8,Não
Compressor_03,2026-08-08 06:30:00,82.92,3.87,33.87,1758,140.3,Não
Compressor_03,2026-08-08 07:00:00,86.2,4.19,33.31,1810,134.6,Não
Caldeira_01,2026-08-08 07:30:00,87.0,3.8,31.41,1983,143.5,Não
Compressor_03,2026-08-08 08:00:00,90.66,1.96,42.85,1759,144.7,Não
Turbina_02,2026-08-08 08:30:00,85.51,2.75,51.51,2025,135.4,Não
Motor_04,2026-08-08 09:00:00,90.33,3.07,41.96,1885,140.1,Não
Motor_04,2026-08-08 09:30:00,83.39,1.91,47.52,1868,140.8,Não
Compressor_03,2026-08-08 10:00:00,83.63,2.59,45.1,1702,139.3,Não
Caldeira_01,2026-08-08 10:30:00,84.55,3.07,37.67,1876,137.2,Não
Caldeira_01,2026-08-08 11:00:00,88.87,2.89,45.69,1735,143.5,Não
Turbina_02,2026-08-08 11:30:00,88.15,3.21,37.85,1870,145.1,Não
Caldeira_01,2026-08-08 12:00:00,85.68,2.23,37.94,1784,141.2,Não
Caldeira_01,2026-08-08 12:30:00,78.86,2.88,39.06,1945,139.2,Não
Turbina_02,2026-08-08 13:00:00,88.07,3.31,39.27,1795,147.1,Não
Compressor_03,2026-08-08 13:30:00,80.69,3.21,42.98,2105,141.6,Não
Motor_04,2026-08-08 14:00:00,80.42,3.51,36.98,1758,144.3,Não
Turbina_02,2026-08-08 14:30:00,79.31,3.47,44.0,1719,144.1,Não
Compressor_03,2026-08-08 15:00:00,84.58,2.92,43.94,1851,152.9,Não
Turbina_02,2026-08-08 15:30:00,91.06,3.28,41.54,1961,143.4,Não
Compressor_03,2026-08-08 16:00:00,80.17,2.64,48.73,1960,156.1,Não
Turbina_02,2026-08-08 16:30:00,93.39,3.01,45.79,1825,151.6,Não
Compressor_03,2026-08-08 17:00:00,89.55,2.46,44.81,1850,157.4,Não
Turbina_02,2026-08-08 17:30:00,77.68,3.95,40.3,1851,152.0,Não
Compressor_03,2026-08-08 18:00:00,83.09,3.01,41.58,1638,147.9,Não
Turbina_02,2026-08-08 18:30:00,79.8,3.94,42.36,1953,144.9,Não
Motor_04,2026-08-08 19:00:00,88.32,3.42,40.06,1611,148.1,Não
Motor_04,2026-08-08 19:30:00,80.06,2.58,38.31,1638,157.7,Não
Caldeira_01,2026-08-08 20:00:00,76.89,3.38,29.17,1808,150.4,Não
Compressor_03,2026-08-08 20:30:00,83.37,3.77,43.23,1752,154.4,Não
Turbina_02,2026-08-08 21:00:00,90.85,3.15,44.69,1919,152.5,Não
Compressor_03,2026-08-08 21:30:00,84.04,3.25,34.77,1867,153.1,Não
Motor_04,2026-08-08 22:00:00,86.99,2.81,42.72,1820,153.7,Não
Compressor_03,2026-08-08 22:30:00,87.19,3.22,37.34,1631,155.1,Não
Turbina_02,2026-08-08 23:00:00,77.44,3.37,38.35,1803,149.0,Não
Compressor_03,2026-08-08 23:30:00,80.5,2.79,45.9,1792,152.1,Não
Turbina_02,2026-08-09 00:00:00,85.03,2.44,35.54,1833,155.4,Não
Motor_04,2026-08-09 00:30:00,82.21,4.1,35.54,1735,155.1,Não
Motor_04,2026-08-09 01:00:00,93.52,3.62,48.12,1878,152.4,Não
Motor_04,2026-08-09 01:30:00,78.86,2.82,39.34,1748,157.1,Não
Caldeira_01,2026-08-09 02:00:00,80.45,3.35,45.61,1864,151.6,Não
Motor_04,2026-08-09 02:30:00,86.45,2.16,32.81,1919,149.7,Não
Compressor_03,2026-08-09 03:00:00,81.86,1.82,33.17,1719,157.7,Não
Caldeira_01,2026-08-09 03:30:00,70.54,3.96,35.89,1684,150.7,Não
Motor_04,2026-08-09 04:00:00,94.67,3.36,37.83,1871,158.5,Não
Compressor_03,2026-08-09 04:30:00,79.63,3.17,33.69,1601,147.7,Não
Compressor_03,2026-08-09 05:00:00,87.8,3.36,41.66,1966,154.2,Não
Compressor_03,2026-08-09 05:30:00,78.73,5.46,41.96,1801,156.6,Sim
Turbina_02,2026-08-09 06:00:00,80.68,3.81,35.96,1782,150.6,Não
Caldeira_01,2026-08-09 06:30:00,76.89,2.47,36.32,1881,157.2,Não
Compressor_03,2026-08-09 07:00:00,81.29,2.02,36.91,1872,165.4,Não
Turbina_02,2026-08-09 07:30:00,81.78,3.94,34.76,1800,153.5,Não
Motor_04,2026-08-09 08:00:00,84.34,3.8,26.97,1931,158.5,Não
Compressor_03,2026-08-09 08:30:00,83.14,3.6,39.62,1699,169.2,Não
Turbina_02,2026-08-09 09:00:00,77.79,2.63,38.06,1906,155.8,Não
Compressor_03,2026-08-09 09:30:00,82.38,3.45,38.52,1638,168.5,Não
Caldeira_01,2026-08-09 10:00:00,92.24,2.69,35.45,1876,160.5,Não
Caldeira_01,2026-08-09 10:30:00,91.64,3.66,43.65,1750,162.8,Não
Motor_04,2026-08-09 11:00:00,87.28,3.89,50.91,1603,169.1,Não
Compressor_03,2026-08-09 11:30:00,88.32,2.82,36.25,1838,160.6,Não
Turbina_02,2026-08-09 12:00:00,95.3,3.99,46.3,1794,166.6,Não
Motor_04,2026-08-09 12:30:00,87.86,3.28,41.65,1568,168.3,Não
Compressor_03,2026-08-09 13:00:00,88.22,3.54,40.16,1482,161.0,Não
Motor_04,2026-08-09 13:30:00,77.18,2.28,38.45,1777,160.9,Não
Turbina_02,2026-08-09 14:00:00,79.44,3.36,39.63,2042,163.9,Não
Motor_04,2026-08-09 14:30:00,84.84,2.73,45.17,1848,164.5,Não
Motor_04,2026-08-09 15:00:00,80.96,3.53,34.88,1699,160.5,Não
Motor_04,2026-08-09 15:30:00,80.01,4.23,38.76,1962,163.1,Não
Compressor_03,2026-08-09 16:00:00,80.59,3.4,45.62,1936,149.3,Não
Turbina_02,2026-08-09 16:30:00,77.88,2.57,44.43,1990,165.4,Não
Caldeira_01,2026-08-09 17:00:00,81.04,3.64,34.95,1902,172.0,Não
Compressor_03,2026-08-09 17:30:00,86.7,3.48,39.18,1932,159.5,Não
Caldeira_01,2026-08-09 18:00:00,93.98,4.64,43.28,1909,166.0,Não
Caldeira_01,2026-08-09 18:30:00,88.98,3.38,42.99,1728,180.9,Não
Compressor_03,2026-08-09 19:00:00,88.18,2.79,44.39,1554,169.0,Não
Compressor_03,2026-08-09 19:30:00,76.88,3.74,41.73,1721,176.3,Não
Turbina_02,2026-08-09 20:00:00,85.6,3.11,42.48,1965,164.8,Não
Turbina_02,2026-08-09 20:30:00,84.67,3.26,41.54,1742,172.5,Não
Motor_04,2026-08-09 21:00:00,86.45,2.55,47.11,1778,164.8,Não
Caldeira_01,2026-08-09 21:30:00,83.2,3.11,38.1,1625,173.1,Não
Turbina_02,2026-08-09 22:00:00,93.31,3.22,40.22,1717,175.7,Não
Motor_04,2026-08-09 22:30:00,85.26,3.11,35.43,1798,174.9,Não
Turbina_02,2026-08-09 23:00:00,85.75,2.79,34.55,1873,170.6,Não
Compressor_03,2026-08-09 23:30:00,75.19,3.4,41.46,1731,174.1,Não
Turbina_02,2026-08-10 00:00:00,84.47,2.55,36.74,1720,174.5,Não
Caldeira_01,2026-08-10 00:30:00,90.75,2.39,39.74,1926,176.8,Não
Turbina_02,2026-08-10 01:00:00,87.78,3.7,47.28,1848,173.3,Não
Caldeira_01,2026-08-10 01:30:00,74.22,3.63,47.02,1867,178.9,Não
Compressor_03,2026-08-10 02:00:00,82.75,2.28,50.01,2029,181.9,Não
Caldeira_01,2026-08-10 02:30:00,93.66,1.92,47.37,1724,173.5,Não
Turbina_02,2026-08-10 03:00:00,84.25,2.49,50.81,1792,175.7,Não
Motor_04,2026-08-10 03:30:00,86.61,3.11,41.96,1882,171.4,Não
Compressor_03,2026-08-10 04:00:00,93.1,4.01,35.94,1669,178.0,Não
Turbina_02,2026-08-10 04:30:00,84.23,3.09,35.5,1834,178.4,Não
Compressor_03,2026-08-10 05:00:00,88.96,2.66,46.28,1803,177.4,Não
Compressor_03,2026-08-10 05:30:00,87.06,3.3,40.23,2216,178.2,Não
Turbina_02,2026-08-10 06:00:00,88.13,3.12,40.57,1814,187.5,Não
Turbina_02,2026-08-10 06:30:00,86.9,2.23,37.53,1973,163.9,Não
Motor_04,2026-08-10 07:00:00,82.26,2.24,38.07,1924,176.2,Não
Compressor_03,2026-08-10 07:30:00,82.76,2.26,41.73,1626,177.4,Não
Compressor_03,2026-08-10 08:00:00,80.73,4.94,35.25,1567,186.8,Não
Turbina_02,2026-08-10 08:30:00,76.8,3.8,41.16,1837,182.3,Não
Caldeira_01,2026-08-10 09:00:00,91.22,2.78,46.8,1988,182.8,Não
Turbina_02,2026-08-10 09:30:00,85.05,3.98,30.4,1843,187.0,Não
Compressor_03,2026-08-10 10:00:00,90.97,2.8,33.06,1811,180.2,Não
Turbina_02,2026-08-10 10:30:00,92.83,3.95,43.04,1757,184.8,Não
Motor_04,2026-08-10 11:00:00,85.27,3.26,46.14,1601,179.2,Não
Caldeira_01,2026-08-10 11:30:00,78.43,2.74,37.8,1655,177.0,Não
Turbina_02,2026-08-10 12:00:00,84.02,3.68,31.01,1556,191.7,Não
Motor_04,2026-08-10 12:30:00,81.64,3.3,46.44,1634,185.0,Não
Compressor_03,2026-08-10 13:00:00,75.1,3.48,36.35,1721,186.7,Não
Turbina_02,2026-08-10 13:30:00,82.49,3.35,38.37,1916,178.5,Não
Compressor_03,2026-08-10 14:00:00,84.64,3.34,41.44,1733,186.9,Não
Motor_04,2026-08-10 14:30:00,81.78,3.76,37.0,1838,193.6,Não
Compressor_03,2026-08-10 15:00:00,81.14,5.01,36.06,1820,183.7,Sim
Motor_04,2026-08-10 15:30:00,78.61,4.07,36.14,1874,179.2,Não
Motor_04,2026-08-10 16:00:00,85.98,3.35,48.36,1644,186.8,Não
Motor_04,2026-08-10 16:30:00,94.35,2.98,45.22,1958,181.1,Não
Turbina_02,2026-08-10 17:00:00,91.39,3.06,42.59,1588,178.9,Não
Compressor_03,2026-08-10 17:30:00,88.27,2.32,30.16,1732,183.4,Não
Compressor_03,2026-08-10 18:00:00,88.38,3.67,42.6,1796,185.0,Não
Caldeira_01,2026-08-10 18:30:00,84.34,2.49,42.36,1914,183.0,Não
Caldeira_01,2026-08-10 19:00:00,75.98,2.94,34.25,2006,194.9,Não
Caldeira_01,2026-08-10 19:30:00,83.15,3.67,41.16,1915,198.2,Não
Caldeira_01,2026-08-10 20:00:00,80.15,3.03,44.73,2012,192.2,Não
Compressor_03,2026-08-10 20:30:00,85.77,2.86,42.56,1675,191.4,Não
Motor_04,2026-08-10 21:00:00,91.17,2.36,36.94,1978,189.2,Não
Motor_04,2026-08-10 21:30:00,94.87,4.04,40.06,1952,185.8,Não
Turbina_02,2026-08-10 22:00:00,85.32,2.62,43.29,1440,198.7,Não
Motor_04,2026-08-10 22:30:00,76.66,2.79,40.27,1766,190.8,Não
Compressor_03,2026-08-10 23:00:00,85.31,1.95,45.64,1890,189.2,Não
Compressor_03,2026-08-10 23:30:00,85.45,3.19,41.78,1722,197.0,Não
Compressor_03,2026-08-11 00:00:00,88.39,2.97,43.39,1637,192.0,Não
Turbina_02,2026-08-11 00:30:00,84.9,3.33,43.7,2117,197.6,Não
Caldeira_01,2026-08-11 01:00:00,85.33,2.38,35.2,1816,191.1,Não
Motor_04,2026-08-11 01:30:00,81.84,3.71,40.22,1820,198.6,Não
Compressor_03,2026-08-11 02:00:00,83.44,1.91,38.5,1603,198.8,Não
Compressor_03,2026-08-11 02:30:00,87.57,3.14,44.7,1708,200.9,Não
Caldeira_01,2026-08-11 03:00:00,74.96,3.28,42.08,1665,191.2,Não
Compressor_03,2026-08-11 03:30:00,83.41,3.24,39.15,1961,194.7,Não
Motor_04,2026-08-11 04:00:00,88.44,3.31,34.23,1875,205.3,Não
Turbina_02,2026-08-11 04:30:00,93.2,3.75,32.81,1714,194.7,Não
Compressor_03,2026-08-11 05:00:00,83.01,4.13,41.4,1884,200.4,Não
Motor_04,2026-08-11 05:30:00,90.93,3.09,36.77,1761,208.2,Não
Compressor_03,2026-08-11 06:00:00,93.45,2.52,43.0,1835,187.9,Não
Caldeira_01,2026-08-11 06:30:00,83.07,3.59,32.61,1834,196.1,Não
Compressor_03,2026-08-11 07:00:00,82.21,3.0,47.17,1863,197.9,Não
Compressor_03,2026-08-11 07:30:00,84.09,4.09,42.99,1844,189.3,Não
Turbina_02,2026-08-11 08:00:00,84.59,2.78,40.45,1863,196.5,Não
Caldeira_01,2026-08-11 08:30:00,90.45,2.6,47.57,1988,194.3,Não
Caldeira_01,2026-08-11 09:00:00,81.13,3.3,44.27,1896,203.8,Não
Turbina_02,2026-08-11 09:30:00,92.69,1.98,37.86,1749,191.3,Não
Compressor_03,2026-08-11 10:00:00,81.0,2.87,40.35,1785,209.8,Não
Motor_04,2026-08-11 10:30:00,78.68,2.97,31.16,1984,204.2,Não
Caldeira_01,2026-08-11 11:00:00,87.62,3.35,44.79,1816,195.9,Não
Caldeira_01,2026-08-11 11:30:00,91.15,2.5,38.67,1743,206.7,Não
Compressor_03,2026-08-11 12:00:00,85.89,2.58,31.1,1705,204.9,Não
Compressor_03,2026-08-11 12:30:00,87.18,4.01,34.68,1840,202.1,Não
Caldeira_01,2026-08-11 13:00:00,94.77,3.19,43.92,1671,199.1,Não
Compressor_03,2026-08-11 13:30:00,91.22,3.81,47.26,1992,205.9,Não
Motor_04,2026-08-11 14:00:00,85.15,2.82,40.09,1644,204.2,Não
Caldeira_01,2026-08-11 14:30:00,82.84,3.16,35.58,2021,200.5,Não
Motor_04,2026-08-11 15:00:00,90.48,3.35,33.61,1757,197.6,Não
Motor_04,2026-08-11 15:30:00,89.15,4.42,46.37,1638,200.5,Não
Compressor_03,2026-08-11 16:00:00,87.09,3.05,42.02,1828,202.6,Não
Motor_04,2026-08-11 16:30:00,83.36,3.08,38.51,1657,211.4,Sim
Compressor_03,2026-08-11 17:00:00,84.62,3.97,37.44,1805,210.2,Sim
Turbina_02,2026-08-11 17:30:00,84.26,2.93,43.02,1713,204.1,Não
Compressor_03,2026-08-11 18:00:00,83.45,3.4,42.9,1941,204.7,Não
Motor_04,2026-08-11 18:30:00,81.99,3.91,35.97,1820,212.1,Sim
Turbina_02,2026-08-11 19:00:00,86.33,2.8,34.86,1621,208.9,Não
Compressor_03,2026-08-11 19:30:00,81.77,3.44,35.09,1710,209.2,Não
Motor_04,2026-08-11 20:00:00,85.89,4.42,37.89,1905,204.8,Não
Caldeira_01,2026-08-11 20:30:00,74.5,3.84,36.9,1993,208.1,Não
Caldeira_01,2026-08-11 21:00:00,82.0,3.4,47.28,1793,209.2,Não
Compressor_03,2026-08-11 21:30:00,90.49,3.04,37.73,1643,209.1,Não
Compressor_03,2026-08-11 22:00:00,80.5,2.78,34.38,1958,213.6,Sim
Caldeira_01,2026-08-11 22:30:00,87.96,2.51,34.63,1905,214.2,Sim
Motor_04,2026-08-11 23:00:00,80.91,4.26,39.17,1995,206.2,Não
Motor_04,2026-08-11 23:30:00,88.88,4.12,31.8,1843,208.7,Não
Motor_04,2026-08-12 00:00:00,83.51,2.74,39.73,1721,208.1,Não
Compressor_03,2026-08-12 00:30:00,83.32,3.44,33.99,1877,218.9,Sim
Turbina_02,2026-08-12 01:00:00,85.27,3.28,45.21,1848,223.6,Sim
Turbina_02,2026-08-12 01:30:00,78.28,4.03,40.52,1713,210.4,Sim
Turbina_02,2026-08-12 02:00:00,89.86,3.47,49.54,1829,212.3,Sim
Turbina_02,2026-08-12 02:30:00,91.52,3.18,38.97,1770,217.8,Sim
Turbina_02,2026-08-12 03:00:00,83.2,2.82,25.91,1911,210.4,Sim
Compressor_03,2026-08-12 03:30:00,87.62,3.44,46.56,1873,218.7,Sim
Compressor_03,2026-08-12 04:00:00,88.89,2.96,42.26,1642,214.7,Sim
Turbina_02,2026-08-12 04:30:00,84.54,3.35,42.96,1627,206.4,Não
Compressor_03,2026-08-12 05:00:00,79.46,3.15,35.49,1786,209.1,Não
Compressor_03,2026-08-12 05:30:00,92.97,2.94,39.81,1804,214.3,Sim
Turbina_02,2026-08-12 06:00:00,83.04,2.52,40.84,1914,222.5,Sim
Motor_04,2026-08-12 06:30:00,81.95,3.56,38.93,1876,212.3,Sim
Compressor_03,2026-08-12 07:00:00,93.19,3.23,32.2,2018,214.5,Sim
Motor_04,2026-08-12 07:30:00,88.05,4.45,52.46,1729,218.6,Sim
Compressor_03,2026-08-12 08:00:00,86.29,2.48,43.76,1721,209.6,Não
Compressor_03,2026-08-12 08:30:00,80.15,3.64,41.89,1656,219.9,Sim
Turbina_02,2026-08-12 09:00:00,89.01,3.14,45.91,1912,211.0,Sim
Compressor_03,2026-08-12 09:30:00,99.48,4.67,42.9,1803,222.0,Sim
Caldeira_01,2026-08-12 10:00:00,89.4,3.58,36.95,1521,215.5,Sim
Caldeira_01,2026-08-12 10:30:00,87.48,3.43,45.62,1830,215.3,Sim
Turbina_02,2026-08-12 11:00:00,88.61,3.14,43.83,1839,221.7,Sim
Motor_04,2026-08-12 11:30:00,83.36,2.71,37.12,1778,224.7,Sim
Motor_04,2026-08-12 12:00:00,83.31,3.42,43.56,1844,223.0,Sim
Motor_04,2026-08-12 12:30:00,83.25,2.23,38.92,1616,222.6,Sim
Caldeira_01,2026-08-12 13:00:00,82.13,2.26,40.94,2046,223.1,Sim
Motor_04,2026-08-12 13:30:00,83.24,3.91,42.7,1857,224.3,Sim
Motor_04,2026-08-12 14:00:00,83.21,1.97,46.16,1533,225.0,Sim
Turbina_02,2026-08-12 14:30:00,83.78,2.98,37.09,1799,221.2,Sim
Motor_04,2026-08-12 15:00:00,83.64,2.47,41.64,1861,226.8,Sim
Caldeira_01,2026-08-12 15:30:00,86.22,2.92,49.07,1633,220.0,Sim
Caldeira_01,2026-08-12 16:00:00,85.39,3.33,39.21,1880,229.8,Sim
Caldeira_01,2026-08-12 16:30:00,85.84,3.89,40.88,2052,228.7,Sim
Turbina_02,2026-08-12 17:00:00,92.61,4.05,49.06,1703,236.1,Sim
Turbina_02,2026-08-12 17:30:00,85.38,2.56,42.87,1864,228.1,Sim
Compressor_03,2026-08-12 18:00:00,96.05,2.87,33.37,1831,230.5,Sim
Motor_04,2026-08-12 18:30:00,86.76,6.04,36.42,1945,218.6,Sim
Turbina_02,2026-08-12 19:00:00,82.76,3.02,43.1,1783,231.5,Sim
Caldeira_01,2026-08-12 19:30:00,91.75,2.58,41.9,1639,233.1,Sim
Caldeira_01,2026-08-12 20:00:00,84.6,2.7,40.73,1935,235.1,Sim
Turbina_02,2026-08-12 20:30:00,73.03,3.03,49.73,1648,228.6,Sim
Turbina_02,2026-08-12 21:00:00,84.98,2.93,37.22,2071,226.7,Sim
Turbina_02,2026-08-12 21:30:00,83.75,3.04,39.67,1884,223.3,Sim
Compressor_03,2026-08-12 22:00:00,93.03,3.19,31.17,1710,224.2,Sim
Caldeira_01,2026-08-12 22:30:00,80.51,3.18,45.22,1966,229.5,Sim
Compressor_03,2026-08-12 23:00:00,83.34,2.53,36.41,1798,221.2,Sim
Compressor_03,2026-08-12 23:30:00,91.34,3.46,44.76,1766,226.5,Sim
Motor_04,2026-08-13 00:00:00,86.97,3.28,44.28,1697,231.2,Sim
Caldeira_01,2026-08-13 00:30:00,84.14,3.55,50.57,1518,231.5,Sim
Caldeira_01,2026-08-13 01:00:00,81.22,2.0,42.92,1890,226.7,Sim
Turbina_02,2026-08-13 01:30:00,86.76,3.31,38.4,1555,225.8,Sim
Turbina_02,2026-08-13 02:00:00,84.85,1.81,42.04,1681,227.0,Sim
Motor_04,2026-08-13 02:30:00,81.16,3.08,36.58,1864,231.7,Sim
Compressor_03,2026-08-13 03:00:00,81.42,3.66,41.44,1724,243.8,Sim
Turbina_02,2026-08-13 03:30:00,80.93,3.93,39.1,1823,238.9,Sim
Turbina_02,2026-08-13 04:00:00,80.04,3.43,39.68,1617,235.1,Sim
Caldeira_01,2026-08-13 04:30:00,89.67,3.67,35.96,1747,237.2,Sim
Caldeira_01,2026-08-13 05:00:00,89.0,2.99,41.35,1824,239.9,Sim
Turbina_02,2026-08-13 05:30:00,89.68,2.84,43.71,1657,238.6,Sim
Caldeira_01,2026-08-13 06:00:00,85.02,5.08,32.57,2052,234.1,Sim
Motor_04,2026-08-13 06:30:00,83.79,3.78,36.9,1704,231.8,Sim
Turbina_02,2026-08-13 07:00:00,83.88,2.38,40.76,2006,235.8,Sim
Caldeira_01,2026-08-13 07:30:00,90.11,1.99,29.44,1774,241.8,Sim
Motor_04,2026-08-13 08:00:00,75.9,2.87,47.83,1564,235.8,Sim
Caldeira_01,2026-08-13 08:30:00,82.43,4.03,36.8,1629,232.1,Sim
Caldeira_01,2026-08-13 09:00:00,80.56,3.23,35.78,1826,229.4,Sim
Caldeira_01,2026-08-13 09:30:00,91.8,1.64,39.07,1954,237.8,Sim
Turbina_02,2026-08-13 10:00:00,82.61,3.08,40.62,2065,233.7,Sim
Compressor_03,2026-08-13 10:30:00,76.82,3.2,36.6,1819,237.0,Sim
Caldeira_01,2026-08-13 11:00:00,86.12,1.51,44.41,1623,246.9,Sim
Motor_04,2026-08-13 11:30:00,83.15,3.22,41.8,1841,239.7,Sim
