Batch_ID,Plant_Location,Timestamp,Sensor_Temp,Sensor_Pressure,Vibration_RMS,Power_KW,Quality_Score,Scrap_Units,Operational_Cost_USD,Status
BATCH-2026-100,Planta_MG,2026-06-01 00:00:00,77.59,6.31,1.65,110.59,88.1,2,822.84,Operação Normal
BATCH-2026-101,Planta_PR,2026-06-01 04:00:00,75.03,5.62,3.23,138.11,93.0,2,726.26,Operação Normal
BATCH-2026-102,Planta_SP,2026-06-01 08:00:00,81.38,5.62,2.34,107.79,87.1,2,727.29,Operação Normal
BATCH-2026-103,Planta_SP,2026-06-01 12:00:00,74.59,5.27,2.38,122.71,99.3,7,861.07,Operação Normal
BATCH-2026-104,Planta_SP,2026-06-01 16:00:00,83.07,5.33,3.24,123.4,98.7,1,689.14,Operação Normal
BATCH-2026-105,Planta_SP,2026-06-01 20:00:00,80.49,5.67,2.73,139.47,97.0,3,812.04,Operação Normal
BATCH-2026-106,Planta_PR,2026-06-02 00:00:00,82.66,5.5,3.36,138.94,98.4,3,781.88,Operação Normal
BATCH-2026-107,Planta_MG,2026-06-02 04:00:00,74.61,4.71,3.51,119.14,89.0,4,815.08,Operação Normal
BATCH-2026-108,Planta_MG,2026-06-02 08:00:00,76.47,6.42,2.58,112.87,90.7,0,704.52,Operação Normal
BATCH-2026-109,Planta_SP,2026-06-02 12:00:00,81.59,6.39,3.3,110.04,94.8,1,692.01,Operação Normal
BATCH-2026-110,Planta_SP,2026-06-02 16:00:00,80.87,,2.52,116.38,93.9,4,790.97,Operação Normal
BATCH-2026-111,Planta_SP,2026-06-02 20:00:00,76.85,5.43,4.02,113.49,97.8,5,817.74,Operação Normal
BATCH-2026-112,Planta_MG,2026-06-03 00:00:00,77.42,6.82,2.55,128.3,94.3,4,871.44,Operação Normal
BATCH-2026-113,Planta_MG,2026-06-03 04:00:00,76.26,5.91,3.41,126.3,100.0,0,719.93,Operação Normal
BATCH-2026-114,Planta_SP,2026-06-03 08:00:00,77.31,5.58,3.32,128.88,87.0,1,798.21,Operação Normal
BATCH-2026-115,Planta_PR,2026-06-03 12:00:00,74.14,6.12,3.06,138.89,96.7,0,779.29,Operação Normal
BATCH-2026-116,Planta_MG,2026-06-03 16:00:00,73.47,6.09,2.56,147.94,94.0,2,844.87,Operação Normal
BATCH-2026-117,Planta_MG,2026-06-03 20:00:00,82.02,4.75,2.82,121.87,93.8,3,863.76,Operação Normal
BATCH-2026-118,Planta_SP,2026-06-04 00:00:00,77.18,5.98,1.82,136.49,86.5,2,739.72,Operação Normal
BATCH-2026-119,Planta_PR,2026-06-04 04:00:00,82.61,,3.01,114.73,95.7,4,782.85,Operação Normal
BATCH-2026-120,Planta_SP,2026-06-04 08:00:00,80.38,5.81,3.07,137.78,98.0,2,886.16,Operação Normal
BATCH-2026-121,Planta_SP,2026-06-04 12:00:00,79.25,5.34,2.97,135.92,84.4,1,756.79,Operação Normal
BATCH-2026-122,Planta_PR,2026-06-04 16:00:00,75.16,5.35,1.41,135.13,92.5,2,652.47,Operação Normal
BATCH-2026-123,Planta_PR,2026-06-04 20:00:00,73.16,6.26,2.27,121.41,87.8,1,733.39,Operação Normal
BATCH-2026-124,Planta_PR,2026-06-05 00:00:00,76.17,6.38,2.53,109.97,99.8,2,754.7,Operação Normal
BATCH-2026-125,Planta_MG,2026-06-05 04:00:00,84.13,5.78,3.05,99.08,89.6,4,647.49,Operação Normal
BATCH-2026-126,Planta_SP,2026-06-05 08:00:00,81.56,6.19,3.04,119.4,84.6,4,881.62,Operação Normal
BATCH-2026-127,Planta_MG,2026-06-05 12:00:00,75.8,5.77,2.81,143.0,87.6,5,846.71,Operação Normal
BATCH-2026-128,Planta_PR,2026-06-05 16:00:00,76.22,5.57,3.22,115.35,93.1,3,799.06,Operação Normal
BATCH-2026-129,Planta_MG,2026-06-05 20:00:00,74.28,6.11,2.39,131.78,81.5,1,750.9,Operação Normal
BATCH-2026-130,Planta_PR,2026-06-06 00:00:00,71.81,5.43,3.21,132.66,92.1,2,724.37,Operação Normal
BATCH-2026-131,Planta_PR,2026-06-06 04:00:00,78.41,6.95,3.14,115.74,98.6,1,679.82,Operação Normal
BATCH-2026-132,Planta_SP,2026-06-06 08:00:00,84.9,5.28,3.09,139.75,97.0,2,754.79,Operação Normal
BATCH-2026-133,Planta_SP,2026-06-06 12:00:00,84.95,6.14,2.81,76.37,81.4,4,791.75,Operação Normal
BATCH-2026-134,Planta_SP,2026-06-06 16:00:00,80.43,6.08,3.82,101.66,99.9,2,725.61,Operação Normal
BATCH-2026-135,Planta_MG,2026-06-06 20:00:00,75.59,6.03,3.15,106.27,94.0,4,765.18,Operação Normal
BATCH-2026-136,Planta_SP,2026-06-07 00:00:00,72.2,6.74,2.42,107.7,83.2,2,697.14,Operação Normal
BATCH-2026-137,Planta_PR,2026-06-07 04:00:00,82.19,4.66,3.02,125.04,80.2,4,884.89,Operação Normal
BATCH-2026-138,Planta_SP,2026-06-07 08:00:00,79.79,6.21,3.28,124.35,83.4,4,897.04,Operação Normal
BATCH-2026-139,Planta_MG,2026-06-07 12:00:00,76.74,5.86,2.61,125.91,96.8,3,860.87,Operação Normal
BATCH-2026-140,Planta_SP,2026-06-07 16:00:00,76.07,6.29,3.44,128.94,80.4,2,806.72,Operação Normal
BATCH-2026-141,Planta_SP,2026-06-07 20:00:00,80.4,6.03,3.09,105.75,84.7,6,854.84,Operação Normal
BATCH-2026-142,Planta_SP,2026-06-08 00:00:00,74.69,5.96,1.73,101.73,95.1,5,747.31,Operação Normal
BATCH-2026-143,Planta_MG,2026-06-08 04:00:00,78.96,5.4,3.05,125.94,91.7,4,814.41,Operação Normal
BATCH-2026-144,Planta_PR,2026-06-08 08:00:00,73.12,5.66,2.7,110.55,95.7,5,789.79,Operação Normal
BATCH-2026-145,Planta_PR,2026-06-08 12:00:00,86.91,7.57,3.17,96.44,94.9,4,682.32,Operação Normal
BATCH-2026-146,Planta_PR,2026-06-08 16:00:00,75.25,6.3,3.37,134.57,81.0,0,795.08,Operação Normal
BATCH-2026-147,Planta_SP,2026-06-08 20:00:00,80.59,6.53,3.0,140.93,97.9,1,743.88,Operação Normal
BATCH-2026-148,Planta_SP,2026-06-09 00:00:00,73.21,5.82,3.73,143.36,84.5,3,892.84,Operação Normal
BATCH-2026-149,Planta_MG,2026-06-09 04:00:00,77.35,5.57,2.81,122.81,91.1,2,815.14,Operação Normal
BATCH-2026-150,Planta_PR,2026-06-09 08:00:00,81.54,6.39,3.21,129.39,92.9,3,835.74,Operação Normal
BATCH-2026-151,Planta_SP,2026-06-09 12:00:00,82.4,5.05,3.3,140.55,83.4,7,958.63,Operação Normal
BATCH-2026-152,Planta_SP,2026-06-09 16:00:00,81.05,5.67,2.85,110.38,99.5,5,792.92,Operação Normal
BATCH-2026-153,Planta_SP,2026-06-09 20:00:00,77.45,5.82,3.29,136.66,89.8,4,938.88,Operação Normal
BATCH-2026-154,Planta_MG,2026-06-10 00:00:00,75.34,,2.6,124.13,81.2,5,850.59,Operação Normal
BATCH-2026-155,Planta_PR,2026-06-10 04:00:00,73.69,6.21,2.69,133.71,98.7,2,805.77,Operação Normal
BATCH-2026-156,Planta_MG,2026-06-10 08:00:00,84.02,5.76,2.24,122.79,91.7,4,788.57,Operação Normal
BATCH-2026-157,Planta_PR,2026-06-10 12:00:00,78.41,6.18,3.02,139.44,94.0,8,904.44,Operação Normal
BATCH-2026-158,Planta_PR,2026-06-10 16:00:00,79.15,5.85,3.06,123.35,90.5,2,795.9,Operação Normal
BATCH-2026-159,Planta_SP,2026-06-10 20:00:00,82.66,6.54,3.49,97.74,96.7,1,711.81,Operação Normal
BATCH-2026-160,Planta_SP,2026-06-11 00:00:00,80.35,6.12,3.3,141.78,80.7,1,740.73,Operação Normal
BATCH-2026-161,Planta_SP,2026-06-11 04:00:00,77.49,6.87,2.76,105.79,85.4,1,643.5,Operação Normal
BATCH-2026-162,Planta_SP,2026-06-11 08:00:00,80.98,5.86,2.31,138.8,89.4,1,711.34,Operação Normal
BATCH-2026-163,Planta_SP,2026-06-11 12:00:00,75.51,6.61,3.12,118.65,81.5,1,798.37,Operação Normal
BATCH-2026-164,Planta_PR,2026-06-11 16:00:00,71.8,6.05,3.46,137.64,94.1,5,842.09,Operação Normal
BATCH-2026-165,Planta_SP,2026-06-11 20:00:00,83.65,5.65,3.28,137.02,87.9,1,754.69,Operação Normal
BATCH-2026-166,Planta_SP,2026-06-12 00:00:00,75.84,7.3,3.44,126.45,85.5,2,850.13,Operação Normal
BATCH-2026-167,Planta_MG,2026-06-12 04:00:00,76.78,6.65,2.79,127.63,80.1,3,748.62,Operação Normal
BATCH-2026-168,Planta_MG,2026-06-12 08:00:00,77.14,6.12,2.67,126.34,94.4,6,841.06,Operação Normal
BATCH-2026-169,Planta_PR,2026-06-12 12:00:00,75.59,6.38,2.53,89.79,96.7,5,748.19,Operação Normal
BATCH-2026-170,Planta_PR,2026-06-12 16:00:00,82.41,5.46,2.87,121.77,87.9,3,875.1,Operação Normal
BATCH-2026-171,Planta_MG,2026-06-12 20:00:00,79.5,5.48,2.86,103.26,91.3,1,810.54,Operação Normal
BATCH-2026-172,Planta_MG,2026-06-13 00:00:00,76.78,6.56,3.0,122.57,84.6,4,858.2,Operação Normal
BATCH-2026-173,Planta_SP,2026-06-13 04:00:00,72.9,6.0,2.84,102.86,92.4,2,774.31,Operação Normal
BATCH-2026-174,Planta_SP,2026-06-13 08:00:00,79.22,5.92,2.83,102.23,80.2,6,804.99,Operação Normal
BATCH-2026-175,Planta_PR,2026-06-13 12:00:00,68.2,5.86,2.51,144.07,89.8,3,931.7,Operação Normal
BATCH-2026-176,Planta_MG,2026-06-13 16:00:00,78.93,6.08,3.37,136.04,92.9,4,858.26,Operação Normal
BATCH-2026-177,Planta_PR,2026-06-13 20:00:00,83.37,5.87,2.94,119.94,98.4,5,883.54,Operação Normal
BATCH-2026-178,Planta_SP,2026-06-14 00:00:00,78.26,4.98,2.81,122.77,87.6,2,765.71,Operação Normal
BATCH-2026-179,Planta_PR,2026-06-14 04:00:00,82.83,6.71,2.53,116.28,95.3,3,770.9,Operação Normal
BATCH-2026-180,Planta_PR,2026-06-14 08:00:00,73.08,5.94,2.23,128.55,92.0,4,914.54,Operação Normal
BATCH-2026-181,Planta_PR,2026-06-14 12:00:00,86.15,6.92,3.55,109.86,98.5,7,899.73,Operação Normal
BATCH-2026-182,Planta_SP,2026-06-14 16:00:00,82.39,5.12,3.18,134.91,88.0,3,890.4,Operação Normal
BATCH-2026-183,Planta_PR,2026-06-14 20:00:00,79.9,5.12,2.09,116.2,86.4,2,771.93,Operação Normal
BATCH-2026-184,Planta_SP,2026-06-15 00:00:00,75.61,5.86,3.28,113.7,97.7,5,787.25,Operação Normal
BATCH-2026-185,Planta_MG,2026-06-15 04:00:00,74.94,6.49,3.36,120.33,81.0,3,762.42,Operação Normal
BATCH-2026-186,Planta_PR,2026-06-15 08:00:00,77.72,5.39,2.96,111.13,82.7,6,855.19,Operação Normal
BATCH-2026-187,Planta_PR,2026-06-15 12:00:00,82.81,5.37,3.7,124.93,81.6,4,793.55,Operação Normal
BATCH-2026-188,Planta_SP,2026-06-15 16:00:00,72.74,6.19,3.01,111.94,96.9,1,671.12,Operação Normal
BATCH-2026-189,Planta_PR,2026-06-15 20:00:00,78.04,5.84,2.19,127.03,80.2,5,913.72,Operação Normal
BATCH-2026-190,Planta_SP,2026-06-16 00:00:00,80.94,6.27,3.08,138.24,97.2,0,721.59,Operação Normal
BATCH-2026-191,Planta_PR,2026-06-16 04:00:00,81.72,5.85,3.02,109.21,89.0,5,828.49,Operação Normal
BATCH-2026-192,Planta_MG,2026-06-16 08:00:00,80.92,6.19,2.6,118.04,80.1,7,902.28,Operação Normal
BATCH-2026-193,Planta_MG,2026-06-16 12:00:00,72.33,6.68,3.19,126.92,88.0,5,824.05,Operação Normal
BATCH-2026-194,Planta_MG,2026-06-16 16:00:00,82.53,5.39,2.07,113.46,83.7,3,851.77,Operação Normal
BATCH-2026-195,Planta_PR,2026-06-16 20:00:00,78.27,6.59,3.4,126.96,92.5,5,797.68,Operação Normal
BATCH-2026-196,Planta_PR,2026-06-17 00:00:00,73.66,5.15,2.46,128.33,93.6,2,794.08,Operação Normal
BATCH-2026-197,Planta_MG,2026-06-17 04:00:00,77.9,6.3,2.41,136.25,89.8,3,832.55,Operação Normal
BATCH-2026-198,Planta_MG,2026-06-17 08:00:00,70.17,6.71,2.84,110.91,80.8,2,746.93,Operação Normal
BATCH-2026-199,Planta_SP,2026-06-17 12:00:00,80.31,5.74,3.12,105.86,93.1,4,725.7,Operação Normal
BATCH-2026-200,Planta_SP,2026-06-17 16:00:00,77.49,6.32,2.98,115.39,96.8,5,876.24,Operação Normal
BATCH-2026-201,Planta_MG,2026-06-17 20:00:00,72.92,5.76,2.53,105.48,94.4,2,777.05,Operação Normal
BATCH-2026-202,Planta_MG,2026-06-18 00:00:00,76.84,6.29,2.65,128.47,96.6,3,772.46,Operação Normal
BATCH-2026-203,Planta_PR,2026-06-18 04:00:00,75.17,4.87,2.33,102.57,84.0,2,770.01,Operação Normal
BATCH-2026-204,Planta_MG,2026-06-18 08:00:00,75.43,,2.79,155.0,97.8,1,822.74,Operação Normal
BATCH-2026-205,Planta_SP,2026-06-18 12:00:00,68.96,6.2,3.44,139.44,86.4,3,761.96,Operação Normal
BATCH-2026-206,Planta_SP,2026-06-18 16:00:00,71.31,6.67,2.9,120.19,80.3,5,798.64,Operação Normal
BATCH-2026-207,Planta_SP,2026-06-18 20:00:00,77.08,,3.33,133.01,96.9,5,921.33,Operação Normal
BATCH-2026-208,Planta_SP,2026-06-19 00:00:00,76.39,5.92,3.63,95.45,98.8,5,812.28,Operação Normal
BATCH-2026-209,Planta_SP,2026-06-19 04:00:00,81.9,6.13,2.61,157.85,93.1,3,830.92,Operação Normal
BATCH-2026-210,Planta_SP,2026-06-19 08:00:00,75.47,5.28,2.81,111.15,84.6,4,757.14,Operação Normal
BATCH-2026-211,Planta_MG,2026-06-19 12:00:00,75.89,6.82,3.99,118.19,85.0,2,736.98,Operação Normal
BATCH-2026-212,Planta_SP,2026-06-19 16:00:00,76.08,6.35,3.62,92.16,89.3,0,643.67,Operação Normal
BATCH-2026-213,Planta_SP,2026-06-19 20:00:00,77.21,5.07,2.06,127.29,98.0,3,761.83,Operação Normal
BATCH-2026-214,Planta_SP,2026-06-20 00:00:00,78.37,6.12,3.09,103.4,83.0,2,649.04,Operação Normal
BATCH-2026-215,Planta_SP,2026-06-20 04:00:00,76.37,6.16,2.9,121.52,96.5,5,900.75,Operação Normal
BATCH-2026-216,Planta_MG,2026-06-20 08:00:00,80.28,5.61,3.31,111.84,85.8,3,824.84,Operação Normal
BATCH-2026-217,Planta_PR,2026-06-20 12:00:00,87.2,6.05,2.53,103.83,96.2,2,673.24,Operação Normal
BATCH-2026-218,Planta_PR,2026-06-20 16:00:00,74.7,5.56,2.48,107.93,98.4,2,751.1,Operação Normal
BATCH-2026-219,Planta_PR,2026-06-20 20:00:00,79.57,5.3,2.56,123.39,88.5,1,701.98,Operação Normal
BATCH-2026-220,Planta_PR,2026-06-21 00:00:00,78.12,5.69,2.61,100.78,87.3,3,743.32,Operação Normal
BATCH-2026-221,Planta_SP,2026-06-21 04:00:00,82.19,6.09,3.31,108.77,96.0,7,853.54,Operação Normal
BATCH-2026-222,Planta_PR,2026-06-21 08:00:00,78.81,6.46,2.31,129.95,90.6,0,712.52,Operação Normal
BATCH-2026-223,Planta_PR,2026-06-21 12:00:00,75.09,6.03,2.59,159.04,93.7,6,1036.41,Operação Normal
BATCH-2026-224,Planta_MG,2026-06-21 16:00:00,73.34,6.47,2.01,127.16,92.5,4,806.88,Operação Normal
BATCH-2026-225,Planta_MG,2026-06-21 20:00:00,80.44,6.32,3.4,106.24,83.1,0,650.82,Operação Normal
BATCH-2026-226,Planta_MG,2026-06-22 00:00:00,73.66,5.48,3.54,114.49,96.9,5,792.96,Operação Normal
BATCH-2026-227,Planta_SP,2026-06-22 04:00:00,82.73,6.32,2.74,120.47,83.9,0,769.04,Operação Normal
BATCH-2026-228,Planta_SP,2026-06-22 08:00:00,80.21,6.33,2.75,114.76,98.6,2,673.96,Operação Normal
BATCH-2026-229,Planta_SP,2026-06-22 12:00:00,78.35,6.87,3.13,133.55,85.0,1,727.25,Operação Normal
BATCH-2026-230,Planta_MG,2026-06-22 16:00:00,72.75,6.21,3.64,123.26,94.7,3,869.21,Operação Normal
BATCH-2026-231,Planta_PR,2026-06-22 20:00:00,80.7,5.38,3.1,133.62,85.7,4,852.71,Operação Normal
BATCH-2026-232,Planta_MG,2026-06-23 00:00:00,84.47,5.72,2.55,115.28,86.4,2,767.11,Operação Normal
BATCH-2026-233,Planta_SP,2026-06-23 04:00:00,76.3,5.07,2.09,139.88,86.2,3,933.4,Operação Normal
BATCH-2026-234,Planta_MG,2026-06-23 08:00:00,75.03,6.26,2.34,117.5,95.0,1,748.82,Operação Normal
BATCH-2026-235,Planta_PR,2026-06-23 12:00:00,77.63,6.83,2.94,105.43,91.1,3,729.37,Operação Normal
BATCH-2026-236,Planta_SP,2026-06-23 16:00:00,79.87,4.8,2.57,152.66,97.7,1,785.68,Operação Normal
BATCH-2026-237,Planta_PR,2026-06-23 20:00:00,75.88,6.85,3.0,92.63,86.1,3,684.95,Operação Normal
BATCH-2026-238,Planta_PR,2026-06-24 00:00:00,81.6,6.25,2.62,108.92,93.8,4,858.85,Operação Normal
BATCH-2026-239,Planta_SP,2026-06-24 04:00:00,85.64,5.46,2.37,110.59,95.1,0,727.8,Operação Normal
BATCH-2026-240,Planta_PR,2026-06-24 08:00:00,79.32,6.13,2.31,157.62,83.0,2,889.94,Operação Normal
BATCH-2026-241,Planta_MG,2026-06-24 12:00:00,76.7,5.48,3.68,147.1,88.0,2,875.43,Operação Normal
BATCH-2026-242,Planta_PR,2026-06-24 16:00:00,79.76,6.22,3.34,142.41,89.7,2,785.63,Operação Normal
BATCH-2026-243,Planta_PR,2026-06-24 20:00:00,82.71,6.03,3.77,115.04,87.1,2,709.83,Operação Normal
BATCH-2026-244,Planta_PR,2026-06-25 00:00:00,78.64,6.16,3.17,156.39,86.4,7,953.92,Operação Normal
BATCH-2026-245,Planta_MG,2026-06-25 04:00:00,79.94,5.54,2.69,125.53,93.7,3,757.31,Operação Normal
BATCH-2026-246,Planta_PR,2026-06-25 08:00:00,80.82,5.61,3.56,134.66,84.3,6,900.63,Operação Normal
BATCH-2026-247,Planta_PR,2026-06-25 12:00:00,74.5,6.25,2.88,122.7,94.2,3,852.46,Operação Normal
BATCH-2026-248,Planta_MG,2026-06-25 16:00:00,79.84,5.75,3.01,119.26,98.7,4,806.26,Operação Normal
BATCH-2026-249,Planta_SP,2026-06-25 20:00:00,72.63,6.07,2.88,116.22,91.3,3,791.7,Operação Normal
BATCH-2026-250,Planta_SP,2026-06-26 00:00:00,75.37,6.23,1.43,116.86,92.2,3,780.65,Operação Normal
BATCH-2026-251,Planta_SP,2026-06-26 04:00:00,82.58,5.89,3.7,129.13,81.4,5,897.57,Operação Normal
BATCH-2026-252,Planta_PR,2026-06-26 08:00:00,81.48,6.58,3.15,125.51,97.3,1,717.53,Operação Normal
BATCH-2026-253,Planta_SP,2026-06-26 12:00:00,76.92,5.91,3.06,119.53,85.7,4,705.33,Operação Normal
BATCH-2026-254,Planta_MG,2026-06-26 16:00:00,84.82,5.89,2.87,142.64,92.3,3,855.3,Operação Normal
BATCH-2026-255,Planta_PR,2026-06-26 20:00:00,72.76,5.68,2.98,75.5,99.6,0,685.29,Operação Normal
BATCH-2026-256,Planta_PR,2026-06-27 00:00:00,77.18,6.52,2.6,127.65,91.9,3,827.09,Operação Normal
BATCH-2026-257,Planta_PR,2026-06-27 04:00:00,79.1,5.65,3.21,130.77,94.5,3,778.37,Operação Normal
BATCH-2026-258,Planta_SP,2026-06-27 08:00:00,66.77,6.63,2.25,137.2,88.9,3,765.22,Operação Normal
BATCH-2026-259,Planta_SP,2026-06-27 12:00:00,77.37,6.08,2.99,119.03,81.2,1,763.97,Operação Normal
BATCH-2026-260,Planta_SP,2026-06-27 16:00:00,73.5,7.34,3.18,123.12,96.0,2,778.69,Operação Normal
BATCH-2026-261,Planta_PR,2026-06-27 20:00:00,73.59,5.67,2.8,134.79,80.7,3,811.33,Operação Normal
BATCH-2026-262,Planta_MG,2026-06-28 00:00:00,76.91,6.64,3.09,142.37,94.0,2,897.38,Operação Normal
BATCH-2026-263,Planta_PR,2026-06-28 04:00:00,70.7,6.26,2.4,115.49,80.5,3,735.55,Operação Normal
BATCH-2026-264,Planta_MG,2026-06-28 08:00:00,74.77,5.74,2.42,124.0,97.2,1,836.96,Operação Normal
BATCH-2026-265,Planta_PR,2026-06-28 12:00:00,70.79,6.26,3.02,145.18,83.2,6,912.91,Operação Normal
BATCH-2026-266,Planta_MG,2026-06-28 16:00:00,78.5,,3.24,88.14,90.3,0,566.87,Operação Normal
BATCH-2026-267,Planta_PR,2026-06-28 20:00:00,78.42,5.83,1.96,109.65,91.9,2,738.41,Operação Normal
BATCH-2026-268,Planta_PR,2026-06-29 00:00:00,76.61,6.21,3.16,141.99,89.2,1,828.55,Operação Normal
BATCH-2026-269,Planta_MG,2026-06-29 04:00:00,81.99,6.58,2.63,136.39,86.8,1,752.25,Operação Normal
BATCH-2026-270,Planta_MG,2026-06-29 08:00:00,76.82,6.26,2.8,127.84,89.4,4,756.37,Operação Normal
BATCH-2026-271,Planta_MG,2026-06-29 12:00:00,77.91,5.79,2.23,113.27,86.2,2,745.66,Operação Normal
BATCH-2026-272,Planta_MG,2026-06-29 16:00:00,74.38,5.76,2.47,106.77,88.8,2,699.33,Operação Normal
BATCH-2026-273,Planta_MG,2026-06-29 20:00:00,68.79,5.96,3.38,111.13,87.2,2,774.63,Operação Normal
BATCH-2026-274,Planta_MG,2026-06-30 00:00:00,77.42,6.56,2.92,143.22,91.3,6,946.47,Operação Normal
BATCH-2026-275,Planta_MG,2026-06-30 04:00:00,76.9,5.62,2.71,110.57,84.8,1,671.22,Operação Normal
BATCH-2026-276,Planta_MG,2026-06-30 08:00:00,84.84,6.2,2.84,121.52,99.8,6,833.45,Operação Normal
BATCH-2026-277,Planta_PR,2026-06-30 12:00:00,80.67,5.22,3.14,108.69,90.0,3,808.48,Operação Normal
BATCH-2026-278,Planta_MG,2026-06-30 16:00:00,76.35,6.3,3.12,132.64,83.9,2,745.81,Operação Normal
BATCH-2026-279,Planta_MG,2026-06-30 20:00:00,78.57,6.38,2.86,111.92,89.5,5,772.35,Operação Normal
BATCH-2026-280,Planta_PR,2026-07-01 00:00:00,81.63,7.01,3.45,118.54,97.3,6,804.43,Operação Normal
BATCH-2026-281,Planta_PR,2026-07-01 04:00:00,80.07,6.46,3.39,94.75,80.4,1,713.15,Operação Normal
BATCH-2026-282,Planta_SP,2026-07-01 08:00:00,84.68,5.8,3.11,95.8,93.6,2,737.9,Operação Normal
BATCH-2026-283,Planta_SP,2026-07-01 12:00:00,74.84,5.23,2.93,120.12,91.0,7,857.0,Operação Normal
BATCH-2026-284,Planta_MG,2026-07-01 16:00:00,81.9,6.26,3.23,100.12,83.4,8,880.48,Operação Normal
BATCH-2026-285,Planta_MG,2026-07-01 20:00:00,76.31,5.84,3.06,151.58,96.3,3,924.19,Operação Normal
BATCH-2026-286,Planta_SP,2026-07-02 00:00:00,78.77,6.17,3.43,89.08,87.4,4,711.64,Operação Normal
BATCH-2026-287,Planta_SP,2026-07-02 04:00:00,75.77,5.64,3.35,108.0,85.9,5,721.81,Operação Normal
BATCH-2026-288,Planta_MG,2026-07-02 08:00:00,77.43,5.91,2.39,120.25,96.6,2,789.2,Operação Normal
BATCH-2026-289,Planta_SP,2026-07-02 12:00:00,78.85,5.15,2.36,114.52,92.8,0,700.62,Operação Normal
BATCH-2026-290,Planta_MG,2026-07-02 16:00:00,80.37,5.48,2.55,103.44,98.0,4,750.69,Operação Normal
BATCH-2026-291,Planta_PR,2026-07-02 20:00:00,78.25,5.41,3.39,105.63,92.6,1,747.74,Operação Normal
BATCH-2026-292,Planta_PR,2026-07-03 00:00:00,68.06,6.44,2.11,105.14,94.8,4,831.21,Operação Normal
BATCH-2026-293,Planta_SP,2026-07-03 04:00:00,77.69,5.59,3.1,115.7,96.7,5,722.84,Operação Normal
BATCH-2026-294,Planta_PR,2026-07-03 08:00:00,83.88,6.69,3.08,149.28,81.1,3,811.07,Operação Normal
BATCH-2026-295,Planta_PR,2026-07-03 12:00:00,77.66,5.59,3.48,121.17,95.5,2,883.98,Operação Normal
BATCH-2026-296,Planta_PR,2026-07-03 16:00:00,83.99,7.05,2.99,137.74,92.3,2,827.11,Operação Normal
BATCH-2026-297,Planta_PR,2026-07-03 20:00:00,77.52,5.03,2.23,127.6,81.4,1,788.49,Operação Normal
BATCH-2026-298,Planta_MG,2026-07-04 00:00:00,71.71,6.21,2.42,136.71,90.2,6,954.72,Operação Normal
BATCH-2026-299,Planta_MG,2026-07-04 04:00:00,76.27,6.02,2.31,78.0,81.6,4,741.25,Operação Normal
BATCH-2026-300,Planta_SP,2026-07-04 08:00:00,75.77,,2.63,115.43,94.7,2,797.61,Operação Normal
BATCH-2026-301,Planta_PR,2026-07-04 12:00:00,77.08,5.72,2.81,139.61,90.9,3,862.2,Operação Normal
BATCH-2026-302,Planta_PR,2026-07-04 16:00:00,73.26,5.87,2.32,111.42,99.1,4,827.52,Operação Normal
BATCH-2026-303,Planta_PR,2026-07-04 20:00:00,77.96,6.12,3.64,146.44,83.7,5,872.49,Operação Normal
BATCH-2026-304,Planta_SP,2026-07-05 00:00:00,76.69,5.53,2.24,142.26,92.1,1,789.67,Operação Normal
BATCH-2026-305,Planta_MG,2026-07-05 04:00:00,83.15,6.21,3.57,112.96,84.2,0,673.92,Operação Normal
BATCH-2026-306,Planta_PR,2026-07-05 08:00:00,73.16,6.06,3.49,112.45,92.3,5,828.06,Operação Normal
BATCH-2026-307,Planta_MG,2026-07-05 12:00:00,78.98,6.39,3.35,104.8,94.5,1,655.21,Operação Normal
BATCH-2026-308,Planta_SP,2026-07-05 16:00:00,79.64,5.57,2.55,110.56,94.4,4,759.47,Operação Normal
BATCH-2026-309,Planta_MG,2026-07-05 20:00:00,81.1,5.8,3.07,101.51,96.3,4,768.6,Operação Normal
BATCH-2026-310,Planta_PR,2026-07-06 00:00:00,76.55,6.72,2.26,126.43,97.1,5,805.39,Operação Normal
BATCH-2026-311,Planta_MG,2026-07-06 04:00:00,78.88,5.55,3.36,98.16,81.5,2,701.44,Operação Normal
BATCH-2026-312,Planta_MG,2026-07-06 08:00:00,79.41,5.3,2.86,129.06,86.9,3,799.1,Operação Normal
BATCH-2026-313,Planta_SP,2026-07-06 12:00:00,71.41,5.68,2.7,129.42,93.7,3,828.07,Operação Normal
BATCH-2026-314,Planta_SP,2026-07-06 16:00:00,76.69,5.11,2.29,95.08,90.0,4,818.61,Operação Normal
BATCH-2026-315,Planta_SP,2026-07-06 20:00:00,77.87,6.84,1.66,143.25,83.8,4,834.66,Operação Normal
BATCH-2026-316,Planta_SP,2026-07-07 00:00:00,78.34,5.86,2.38,127.7,91.1,2,846.62,Operação Normal
BATCH-2026-317,Planta_MG,2026-07-07 04:00:00,78.29,5.86,3.46,131.25,88.1,1,808.17,Operação Normal
BATCH-2026-318,Planta_MG,2026-07-07 08:00:00,79.75,6.37,2.7,108.62,87.8,3,795.72,Operação Normal
BATCH-2026-319,Planta_SP,2026-07-07 12:00:00,85.75,5.64,2.82,129.34,96.2,6,890.49,Operação Normal
BATCH-2026-320,Planta_SP,2026-07-07 16:00:00,75.62,5.89,3.23,136.9,88.2,4,862.37,Operação Normal
BATCH-2026-321,Planta_PR,2026-07-07 20:00:00,79.52,5.62,3.8,118.52,80.5,2,822.69,Operação Normal
BATCH-2026-322,Planta_PR,2026-07-08 00:00:00,83.21,5.12,3.56,150.03,81.2,5,956.23,Operação Normal
BATCH-2026-323,Planta_SP,2026-07-08 04:00:00,70.81,6.03,2.41,120.66,97.1,0,783.94,Operação Normal
BATCH-2026-324,Planta_MG,2026-07-08 08:00:00,79.07,6.51,1.93,137.11,99.2,3,823.87,Operação Normal
BATCH-2026-325,Planta_SP,2026-07-08 12:00:00,71.28,6.04,4.08,124.4,93.8,5,876.66,Operação Normal
BATCH-2026-326,Planta_MG,2026-07-08 16:00:00,86.74,6.46,4.03,128.78,87.3,6,948.99,Operação Normal
BATCH-2026-327,Planta_MG,2026-07-08 20:00:00,80.09,5.45,2.99,94.93,98.8,2,689.69,Operação Normal
BATCH-2026-328,Planta_PR,2026-07-09 00:00:00,79.55,5.62,2.26,125.57,93.3,4,810.1,Operação Normal
BATCH-2026-329,Planta_SP,2026-07-09 04:00:00,70.51,5.35,3.38,108.98,96.9,5,821.96,Operação Normal
BATCH-2026-330,Planta_SP,2026-07-09 08:00:00,75.98,6.18,2.85,107.3,95.3,1,763.13,Operação Normal
BATCH-2026-331,Planta_MG,2026-07-09 12:00:00,76.0,5.84,2.84,146.16,87.6,4,908.85,Operação Normal
BATCH-2026-332,Planta_SP,2026-07-09 16:00:00,85.07,5.82,3.35,116.79,89.6,4,798.68,Operação Normal
BATCH-2026-333,Planta_PR,2026-07-09 20:00:00,80.92,6.33,3.07,104.95,83.7,7,788.48,Operação Normal
BATCH-2026-334,Planta_PR,2026-07-10 00:00:00,71.39,5.76,2.31,114.61,85.8,3,793.61,Operação Normal
BATCH-2026-335,Planta_SP,2026-07-10 04:00:00,79.88,6.54,2.74,100.49,95.6,4,734.97,Operação Normal
BATCH-2026-336,Planta_SP,2026-07-10 08:00:00,71.99,6.12,3.23,141.51,97.9,3,755.22,Operação Normal
BATCH-2026-337,Planta_PR,2026-07-10 12:00:00,71.48,5.82,3.16,109.56,94.5,3,709.02,Operação Normal
BATCH-2026-338,Planta_SP,2026-07-10 16:00:00,79.81,5.22,3.03,127.94,89.3,1,771.61,Operação Normal
BATCH-2026-339,Planta_MG,2026-07-10 20:00:00,80.98,6.33,3.37,140.34,81.7,0,820.67,Operação Normal
BATCH-2026-340,Planta_SP,2026-07-11 00:00:00,79.84,6.14,2.72,112.5,81.1,10,954.44,Operação Normal
BATCH-2026-341,Planta_MG,2026-07-11 04:00:00,85.52,6.17,2.99,127.98,87.5,5,865.93,Operação Normal
BATCH-2026-342,Planta_SP,2026-07-11 08:00:00,79.48,6.18,1.21,104.55,89.3,1,772.33,Operação Normal
BATCH-2026-343,Planta_SP,2026-07-11 12:00:00,78.68,,2.68,156.69,92.2,3,779.81,Operação Normal
BATCH-2026-344,Planta_PR,2026-07-11 16:00:00,73.14,5.92,3.28,134.05,80.1,1,792.29,Operação Normal
BATCH-2026-345,Planta_MG,2026-07-11 20:00:00,81.43,5.77,2.7,117.11,99.8,1,735.22,Operação Normal
BATCH-2026-346,Planta_PR,2026-07-12 00:00:00,71.39,6.63,2.67,108.41,87.3,1,748.44,Operação Normal
BATCH-2026-347,Planta_SP,2026-07-12 04:00:00,86.08,5.86,2.38,118.29,97.0,2,738.75,Operação Normal
BATCH-2026-348,Planta_PR,2026-07-12 08:00:00,81.48,5.69,3.4,114.9,90.7,0,665.92,Operação Normal
BATCH-2026-349,Planta_SP,2026-07-12 12:00:00,89.16,6.66,3.17,149.29,82.6,3,850.75,Alerta Crítico
BATCH-2026-350,Planta_SP,2026-07-12 16:00:00,79.56,6.6,3.31,101.62,96.0,2,815.37,Operação Normal
BATCH-2026-351,Planta_SP,2026-07-12 20:00:00,81.68,6.12,2.04,122.02,94.2,9,987.69,Operação Normal
BATCH-2026-352,Planta_MG,2026-07-13 00:00:00,76.89,5.94,2.82,119.72,90.5,2,740.12,Operação Normal
BATCH-2026-353,Planta_MG,2026-07-13 04:00:00,77.83,5.81,2.76,118.24,90.3,5,770.78,Operação Normal
BATCH-2026-354,Planta_MG,2026-07-13 08:00:00,73.79,5.98,2.76,118.37,81.7,3,703.96,Operação Normal
BATCH-2026-355,Planta_PR,2026-07-13 12:00:00,72.21,5.56,2.59,118.26,93.1,2,828.67,Operação Normal
BATCH-2026-356,Planta_SP,2026-07-13 16:00:00,78.76,6.24,2.73,133.1,98.2,3,766.82,Operação Normal
BATCH-2026-357,Planta_PR,2026-07-13 20:00:00,77.8,6.83,3.32,129.13,81.9,3,791.17,Operação Normal
BATCH-2026-358,Planta_PR,2026-07-14 00:00:00,73.7,6.28,1.94,126.28,85.3,3,868.37,Operação Normal
BATCH-2026-359,Planta_SP,2026-07-14 04:00:00,74.41,5.45,3.79,74.49,98.0,2,603.39,Operação Normal
BATCH-2026-360,Planta_PR,2026-07-14 08:00:00,78.13,6.23,3.14,124.5,85.7,5,923.71,Operação Normal
BATCH-2026-361,Planta_SP,2026-07-14 12:00:00,73.63,6.1,2.88,95.17,93.1,3,733.62,Operação Normal
BATCH-2026-362,Planta_SP,2026-07-14 16:00:00,79.43,6.22,3.35,129.69,90.7,2,726.02,Operação Normal
BATCH-2026-363,Planta_SP,2026-07-14 20:00:00,73.75,5.59,2.17,142.12,91.9,3,818.44,Operação Normal
BATCH-2026-364,Planta_SP,2026-07-15 00:00:00,79.02,6.0,2.57,106.11,88.3,4,754.86,Operação Normal
BATCH-2026-365,Planta_PR,2026-07-15 04:00:00,73.4,6.44,2.84,116.07,86.0,4,830.97,Operação Normal
BATCH-2026-366,Planta_PR,2026-07-15 08:00:00,73.41,5.47,3.58,111.01,81.0,2,717.41,Operação Normal
BATCH-2026-367,Planta_PR,2026-07-15 12:00:00,68.55,5.78,2.88,138.53,94.9,4,753.77,Operação Normal
BATCH-2026-368,Planta_MG,2026-07-15 16:00:00,77.36,5.86,3.13,121.43,94.9,5,832.54,Operação Normal
BATCH-2026-369,Planta_PR,2026-07-15 20:00:00,83.82,6.5,2.61,145.92,93.4,3,769.84,Operação Normal
BATCH-2026-370,Planta_PR,2026-07-16 00:00:00,83.59,6.57,3.14,126.21,92.9,2,787.39,Operação Normal
BATCH-2026-371,Planta_MG,2026-07-16 04:00:00,79.3,5.04,3.74,123.64,84.9,2,713.19,Operação Normal
BATCH-2026-372,Planta_SP,2026-07-16 08:00:00,70.0,6.5,3.4,121.02,80.4,2,743.44,Operação Normal
BATCH-2026-373,Planta_SP,2026-07-16 12:00:00,81.38,6.59,2.86,132.27,96.2,2,797.22,Operação Normal
BATCH-2026-374,Planta_SP,2026-07-16 16:00:00,78.9,6.56,3.24,93.93,89.8,4,758.46,Operação Normal
BATCH-2026-375,Planta_MG,2026-07-16 20:00:00,76.37,5.74,3.19,121.28,86.1,2,780.83,Operação Normal
BATCH-2026-376,Planta_PR,2026-07-17 00:00:00,82.83,5.89,3.15,118.95,82.0,3,823.12,Operação Normal
BATCH-2026-377,Planta_PR,2026-07-17 04:00:00,80.46,5.22,3.46,130.88,81.3,2,727.69,Operação Normal
BATCH-2026-378,Planta_PR,2026-07-17 08:00:00,85.85,4.95,3.45,117.18,87.0,4,807.71,Operação Normal
BATCH-2026-379,Planta_PR,2026-07-17 12:00:00,72.38,5.82,2.84,104.42,96.1,6,671.48,Operação Normal
BATCH-2026-380,Planta_MG,2026-07-17 16:00:00,72.69,,3.22,120.11,98.4,5,853.57,Operação Normal
BATCH-2026-381,Planta_PR,2026-07-17 20:00:00,73.36,6.09,2.71,103.76,97.9,4,771.72,Operação Normal
BATCH-2026-382,Planta_SP,2026-07-18 00:00:00,76.86,6.41,2.44,91.12,98.4,3,689.85,Operação Normal
BATCH-2026-383,Planta_MG,2026-07-18 04:00:00,84.35,7.53,2.77,130.91,98.2,5,876.42,Operação Normal
BATCH-2026-384,Planta_MG,2026-07-18 08:00:00,75.51,5.8,2.86,128.69,90.5,0,790.27,Operação Normal
BATCH-2026-385,Planta_SP,2026-07-18 12:00:00,75.59,5.47,2.07,127.01,84.4,4,804.81,Operação Normal
BATCH-2026-386,Planta_SP,2026-07-18 16:00:00,79.67,6.27,3.33,139.54,96.0,2,753.94,Operação Normal
BATCH-2026-387,Planta_PR,2026-07-18 20:00:00,81.37,6.11,1.52,110.02,84.3,3,781.3,Operação Normal
BATCH-2026-388,Planta_SP,2026-07-19 00:00:00,69.05,5.71,4.26,98.53,85.3,4,710.58,Alerta Crítico
BATCH-2026-389,Planta_MG,2026-07-19 04:00:00,82.16,6.46,3.65,118.95,84.7,6,831.09,Operação Normal
BATCH-2026-390,Planta_MG,2026-07-19 08:00:00,75.38,5.59,2.77,114.79,90.3,4,867.74,Operação Normal
BATCH-2026-391,Planta_MG,2026-07-19 12:00:00,77.59,5.94,2.9,107.37,86.4,2,746.37,Operação Normal
BATCH-2026-392,Planta_PR,2026-07-19 16:00:00,83.67,5.96,3.05,118.8,83.1,3,694.87,Operação Normal
BATCH-2026-393,Planta_PR,2026-07-19 20:00:00,77.13,5.53,2.61,110.83,89.1,1,634.64,Operação Normal
BATCH-2026-394,Planta_SP,2026-07-20 00:00:00,71.87,5.15,3.0,92.46,97.5,5,799.53,Operação Normal
BATCH-2026-395,Planta_PR,2026-07-20 04:00:00,72.1,6.11,2.83,113.38,91.4,4,847.21,Operação Normal
BATCH-2026-396,Planta_PR,2026-07-20 08:00:00,77.88,6.68,2.85,102.95,97.6,2,654.44,Operação Normal
BATCH-2026-397,Planta_MG,2026-07-20 12:00:00,76.66,6.48,2.99,123.47,83.9,4,844.74,Operação Normal
BATCH-2026-398,Planta_MG,2026-07-20 16:00:00,78.24,6.51,2.24,110.16,83.3,2,814.8,Operação Normal
BATCH-2026-399,Planta_SP,2026-07-20 20:00:00,76.39,5.6,2.92,136.67,91.5,3,915.41,Operação Normal
BATCH-2026-400,Planta_MG,2026-07-21 00:00:00,82.97,6.11,2.98,144.06,89.3,2,825.87,Operação Normal
BATCH-2026-401,Planta_PR,2026-07-21 04:00:00,78.1,5.29,2.96,130.19,93.2,0,759.68,Operação Normal
BATCH-2026-402,Planta_SP,2026-07-21 08:00:00,70.95,6.08,2.79,96.73,95.9,1,592.46,Operação Normal
BATCH-2026-403,Planta_SP,2026-07-21 12:00:00,81.27,6.69,3.47,142.58,95.0,3,936.63,Operação Normal
BATCH-2026-404,Planta_MG,2026-07-21 16:00:00,85.63,6.71,2.72,143.64,98.8,3,804.77,Operação Normal
BATCH-2026-405,Planta_MG,2026-07-21 20:00:00,78.62,7.02,3.01,120.28,88.0,7,844.83,Operação Normal
BATCH-2026-406,Planta_MG,2026-07-22 00:00:00,78.93,6.49,3.55,139.84,84.1,3,813.96,Operação Normal
BATCH-2026-407,Planta_SP,2026-07-22 04:00:00,74.88,6.24,2.86,111.72,91.0,2,826.69,Operação Normal
BATCH-2026-408,Planta_MG,2026-07-22 08:00:00,77.03,6.44,3.01,92.01,82.2,3,851.01,Operação Normal
BATCH-2026-409,Planta_PR,2026-07-22 12:00:00,80.01,6.34,2.85,108.6,85.8,5,826.74,Operação Normal
BATCH-2026-410,Planta_SP,2026-07-22 16:00:00,82.53,5.6,3.52,145.94,84.2,4,912.6,Operação Normal
BATCH-2026-411,Planta_MG,2026-07-22 20:00:00,79.78,5.24,2.77,97.63,87.9,4,777.9,Operação Normal
BATCH-2026-412,Planta_PR,2026-07-23 00:00:00,85.27,6.44,3.54,119.99,82.2,0,664.1,Operação Normal
BATCH-2026-413,Planta_PR,2026-07-23 04:00:00,78.39,7.05,2.85,120.51,80.6,4,890.76,Operação Normal
BATCH-2026-414,Planta_MG,2026-07-23 08:00:00,73.51,6.46,2.47,112.31,93.1,9,896.04,Operação Normal
BATCH-2026-415,Planta_PR,2026-07-23 12:00:00,73.63,5.06,3.24,113.35,92.2,1,805.8,Operação Normal
BATCH-2026-416,Planta_SP,2026-07-23 16:00:00,82.94,5.74,2.75,121.08,94.2,2,832.88,Operação Normal
BATCH-2026-417,Planta_SP,2026-07-23 20:00:00,82.03,5.9,3.21,111.57,93.2,2,781.52,Operação Normal
BATCH-2026-418,Planta_PR,2026-07-24 00:00:00,71.42,5.07,1.54,98.67,82.3,3,844.05,Operação Normal
BATCH-2026-419,Planta_SP,2026-07-24 04:00:00,77.16,5.31,2.9,123.23,85.8,4,933.42,Operação Normal
BATCH-2026-420,Planta_MG,2026-07-24 08:00:00,77.31,5.98,2.67,136.1,82.6,6,886.22,Operação Normal
BATCH-2026-421,Planta_PR,2026-07-24 12:00:00,74.99,6.13,2.37,133.04,96.9,8,899.04,Operação Normal
BATCH-2026-422,Planta_SP,2026-07-24 16:00:00,72.36,5.51,2.62,107.85,94.9,2,650.92,Operação Normal
BATCH-2026-423,Planta_MG,2026-07-24 20:00:00,74.91,5.29,2.61,101.23,84.0,6,944.45,Operação Normal
BATCH-2026-424,Planta_MG,2026-07-25 00:00:00,74.19,6.6,2.88,115.74,86.8,4,786.34,Operação Normal
BATCH-2026-425,Planta_SP,2026-07-25 04:00:00,72.45,5.81,2.22,143.52,99.3,8,1015.08,Operação Normal
BATCH-2026-426,Planta_PR,2026-07-25 08:00:00,81.32,5.88,3.06,129.68,91.9,0,696.37,Operação Normal
BATCH-2026-427,Planta_MG,2026-07-25 12:00:00,79.13,5.73,3.58,130.56,96.0,1,836.92,Operação Normal
BATCH-2026-428,Planta_MG,2026-07-25 16:00:00,76.14,5.61,3.04,133.35,85.3,6,855.02,Operação Normal
BATCH-2026-429,Planta_MG,2026-07-25 20:00:00,69.72,6.65,3.3,126.31,84.2,2,717.77,Operação Normal
BATCH-2026-430,Planta_MG,2026-07-26 00:00:00,76.8,5.56,3.45,121.81,95.7,3,783.83,Operação Normal
BATCH-2026-431,Planta_PR,2026-07-26 04:00:00,80.08,6.09,3.52,129.93,93.7,1,732.29,Operação Normal
BATCH-2026-432,Planta_SP,2026-07-26 08:00:00,75.06,6.0,3.84,111.81,93.6,3,806.07,Operação Normal
BATCH-2026-433,Planta_SP,2026-07-26 12:00:00,73.4,5.03,2.65,98.78,91.1,1,700.24,Operação Normal
BATCH-2026-434,Planta_SP,2026-07-26 16:00:00,77.51,6.12,2.54,130.84,91.3,2,816.91,Operação Normal
BATCH-2026-435,Planta_MG,2026-07-26 20:00:00,79.34,5.23,3.29,138.57,94.7,4,834.87,Operação Normal
BATCH-2026-436,Planta_PR,2026-07-27 00:00:00,70.0,6.32,3.25,103.23,85.4,6,802.55,Operação Normal
BATCH-2026-437,Planta_SP,2026-07-27 04:00:00,83.42,5.41,3.29,132.33,87.1,2,759.01,Operação Normal
BATCH-2026-438,Planta_PR,2026-07-27 08:00:00,73.0,6.26,3.84,145.21,97.4,2,913.63,Operação Normal
BATCH-2026-439,Planta_SP,2026-07-27 12:00:00,76.31,5.79,2.91,119.97,86.2,2,777.2,Operação Normal
BATCH-2026-440,Planta_MG,2026-07-27 16:00:00,82.73,5.66,3.11,107.73,90.9,4,694.73,Operação Normal
BATCH-2026-441,Planta_SP,2026-07-27 20:00:00,78.5,6.11,2.41,121.85,94.1,3,768.31,Operação Normal
BATCH-2026-442,Planta_MG,2026-07-28 00:00:00,82.38,5.26,3.97,111.74,100.0,6,855.98,Operação Normal
BATCH-2026-443,Planta_MG,2026-07-28 04:00:00,84.21,5.97,2.73,110.75,88.7,3,866.62,Operação Normal
BATCH-2026-444,Planta_SP,2026-07-28 08:00:00,72.16,6.39,2.75,126.5,88.6,2,829.13,Operação Normal
BATCH-2026-445,Planta_PR,2026-07-28 12:00:00,81.61,6.52,2.73,95.94,96.9,2,676.61,Operação Normal
BATCH-2026-446,Planta_MG,2026-07-28 16:00:00,83.3,5.77,2.58,98.34,96.1,5,922.93,Operação Normal
BATCH-2026-447,Planta_PR,2026-07-28 20:00:00,76.5,5.84,2.54,120.29,94.6,3,789.96,Operação Normal
BATCH-2026-448,Planta_SP,2026-07-29 00:00:00,76.82,5.25,2.64,119.67,89.3,7,952.71,Operação Normal
BATCH-2026-449,Planta_MG,2026-07-29 04:00:00,70.35,5.62,2.22,125.15,86.5,2,717.53,Operação Normal
BATCH-2026-450,Planta_PR,2026-07-29 08:00:00,81.12,5.22,2.51,148.13,92.2,4,746.72,Operação Normal
BATCH-2026-451,Planta_MG,2026-07-29 12:00:00,67.86,6.22,3.87,121.57,97.5,2,698.4,Operação Normal
BATCH-2026-452,Planta_SP,2026-07-29 16:00:00,81.88,6.42,3.27,128.97,97.7,2,619.63,Operação Normal
BATCH-2026-453,Planta_MG,2026-07-29 20:00:00,72.33,5.77,3.36,105.37,82.2,2,845.27,Operação Normal
BATCH-2026-454,Planta_SP,2026-07-30 00:00:00,83.56,5.47,3.49,131.52,88.6,4,847.46,Operação Normal
BATCH-2026-455,Planta_PR,2026-07-30 04:00:00,79.59,6.15,3.82,112.1,89.3,3,730.56,Operação Normal
BATCH-2026-456,Planta_MG,2026-07-30 08:00:00,82.04,5.57,2.01,121.07,99.6,6,890.56,Operação Normal
BATCH-2026-457,Planta_PR,2026-07-30 12:00:00,74.75,6.34,2.29,118.37,93.6,4,822.53,Operação Normal
BATCH-2026-458,Planta_SP,2026-07-30 16:00:00,72.67,6.97,2.5,135.49,88.1,2,824.94,Operação Normal
BATCH-2026-459,Planta_SP,2026-07-30 20:00:00,70.95,5.56,2.67,100.35,80.5,2,791.11,Operação Normal
BATCH-2026-460,Planta_PR,2026-07-31 00:00:00,82.36,5.63,2.75,85.75,91.3,4,739.86,Operação Normal
BATCH-2026-461,Planta_PR,2026-07-31 04:00:00,80.65,5.27,2.68,116.8,81.9,5,791.25,Operação Normal
BATCH-2026-462,Planta_SP,2026-07-31 08:00:00,80.79,6.07,3.01,127.03,96.7,1,795.04,Operação Normal
BATCH-2026-463,Planta_PR,2026-07-31 12:00:00,79.17,6.04,2.92,122.28,95.1,1,785.23,Operação Normal
BATCH-2026-464,Planta_SP,2026-07-31 16:00:00,80.18,5.86,2.54,138.48,89.2,4,854.31,Operação Normal
BATCH-2026-465,Planta_PR,2026-07-31 20:00:00,76.83,6.01,1.81,126.56,88.6,3,911.69,Operação Normal
BATCH-2026-466,Planta_SP,2026-08-01 00:00:00,79.48,5.48,2.4,111.54,97.9,3,753.88,Operação Normal
BATCH-2026-467,Planta_SP,2026-08-01 04:00:00,74.57,5.17,2.63,85.12,85.8,2,658.22,Operação Normal
BATCH-2026-468,Planta_MG,2026-08-01 08:00:00,76.63,5.62,2.78,116.44,85.0,4,830.5,Operação Normal
BATCH-2026-469,Planta_SP,2026-08-01 12:00:00,90.17,5.04,2.34,135.42,98.8,4,810.01,Alerta Crítico
BATCH-2026-470,Planta_SP,2026-08-01 16:00:00,78.16,5.56,2.65,114.12,96.2,4,830.19,Operação Normal
BATCH-2026-471,Planta_MG,2026-08-01 20:00:00,70.11,6.15,2.33,120.42,96.4,2,725.11,Operação Normal
BATCH-2026-472,Planta_MG,2026-08-02 00:00:00,76.37,6.03,2.84,126.32,83.9,5,832.36,Operação Normal
BATCH-2026-473,Planta_PR,2026-08-02 04:00:00,73.77,5.11,2.36,104.77,82.9,6,933.13,Operação Normal
BATCH-2026-474,Planta_PR,2026-08-02 08:00:00,78.64,6.52,2.48,129.35,80.5,1,737.55,Operação Normal
BATCH-2026-475,Planta_SP,2026-08-02 12:00:00,74.44,5.9,2.25,144.56,84.7,4,820.26,Operação Normal
BATCH-2026-476,Planta_PR,2026-08-02 16:00:00,77.15,5.35,2.82,117.41,95.5,4,869.87,Operação Normal
BATCH-2026-477,Planta_PR,2026-08-02 20:00:00,75.04,5.82,2.47,103.06,84.8,4,732.96,Operação Normal
BATCH-2026-478,Planta_SP,2026-08-03 00:00:00,78.79,5.71,3.35,119.0,94.6,6,829.55,Operação Normal
BATCH-2026-479,Planta_MG,2026-08-03 04:00:00,75.49,5.57,3.1,86.63,85.0,3,759.77,Operação Normal
BATCH-2026-480,Planta_MG,2026-08-03 08:00:00,79.43,6.41,2.87,125.05,87.9,3,847.02,Operação Normal
BATCH-2026-481,Planta_SP,2026-08-03 12:00:00,85.79,5.45,2.5,126.78,99.7,5,914.24,Operação Normal
BATCH-2026-482,Planta_SP,2026-08-03 16:00:00,73.38,6.09,3.09,145.13,84.9,2,773.88,Operação Normal
BATCH-2026-483,Planta_SP,2026-08-03 20:00:00,80.9,5.33,3.25,117.09,87.5,1,765.56,Operação Normal
BATCH-2026-484,Planta_SP,2026-08-04 00:00:00,68.19,5.98,2.97,126.13,86.0,2,753.72,Operação Normal
BATCH-2026-485,Planta_SP,2026-08-04 04:00:00,77.07,6.13,3.7,107.08,82.2,4,762.46,Operação Normal
BATCH-2026-486,Planta_SP,2026-08-04 08:00:00,78.92,6.13,3.13,114.65,89.8,3,841.54,Operação Normal
BATCH-2026-487,Planta_PR,2026-08-04 12:00:00,75.01,6.04,3.36,97.12,87.6,1,672.34,Operação Normal
BATCH-2026-488,Planta_PR,2026-08-04 16:00:00,70.85,5.88,2.97,117.08,93.9,5,849.65,Operação Normal
BATCH-2026-489,Planta_PR,2026-08-04 20:00:00,77.85,5.47,3.24,115.42,96.4,1,740.54,Operação Normal
BATCH-2026-490,Planta_MG,2026-08-05 00:00:00,84.13,5.47,2.5,124.49,90.9,5,795.54,Operação Normal
BATCH-2026-491,Planta_SP,2026-08-05 04:00:00,77.41,6.15,2.67,110.65,80.6,2,797.47,Operação Normal
BATCH-2026-492,Planta_SP,2026-08-05 08:00:00,80.23,5.37,3.07,121.25,92.4,1,771.26,Operação Normal
BATCH-2026-493,Planta_PR,2026-08-05 12:00:00,82.51,5.25,3.07,115.0,81.1,4,707.68,Operação Normal
BATCH-2026-494,Planta_MG,2026-08-05 16:00:00,87.89,6.71,3.15,115.03,92.3,2,770.92,Operação Normal
BATCH-2026-495,Planta_PR,2026-08-05 20:00:00,73.79,5.87,3.45,121.21,93.7,3,754.52,Operação Normal
BATCH-2026-496,Planta_SP,2026-08-06 00:00:00,74.2,6.32,2.19,120.61,84.0,2,821.95,Operação Normal
BATCH-2026-497,Planta_SP,2026-08-06 04:00:00,76.83,6.44,2.41,131.42,96.4,1,689.28,Operação Normal
BATCH-2026-498,Planta_PR,2026-08-06 08:00:00,80.46,6.03,3.01,118.19,98.2,3,769.92,Operação Normal
BATCH-2026-499,Planta_PR,2026-08-06 12:00:00,68.72,5.81,2.54,114.75,96.3,4,824.65,Operação Normal
BATCH-2026-500,Planta_SP,2026-08-06 16:00:00,80.62,5.82,4.59,117.29,86.1,2,763.84,Alerta Crítico
BATCH-2026-501,Planta_PR,2026-08-06 20:00:00,78.59,6.8,3.16,109.28,91.7,3,809.85,Operação Normal
BATCH-2026-502,Planta_SP,2026-08-07 00:00:00,75.86,5.72,2.86,114.6,98.3,4,730.36,Operação Normal
BATCH-2026-503,Planta_PR,2026-08-07 04:00:00,79.7,6.09,2.64,150.47,86.4,6,1003.44,Operação Normal
BATCH-2026-504,Planta_MG,2026-08-07 08:00:00,81.56,6.34,2.66,106.31,96.4,2,767.61,Operação Normal
BATCH-2026-505,Planta_SP,2026-08-07 12:00:00,82.11,6.13,2.92,115.82,80.2,5,901.46,Operação Normal
BATCH-2026-506,Planta_MG,2026-08-07 16:00:00,78.06,6.54,2.96,114.19,80.1,2,799.25,Operação Normal
BATCH-2026-507,Planta_PR,2026-08-07 20:00:00,79.3,5.81,2.67,116.29,95.2,4,808.75,Operação Normal
BATCH-2026-508,Planta_MG,2026-08-08 00:00:00,79.15,6.34,2.76,115.03,95.2,2,692.85,Operação Normal
BATCH-2026-509,Planta_PR,2026-08-08 04:00:00,82.92,5.1,3.57,124.19,95.8,1,720.36,Operação Normal
BATCH-2026-510,Planta_MG,2026-08-08 08:00:00,79.52,6.67,3.59,94.35,98.6,7,924.3,Operação Normal
BATCH-2026-511,Planta_MG,2026-08-08 12:00:00,80.58,6.56,3.03,135.56,82.4,3,888.28,Operação Normal
BATCH-2026-512,Planta_MG,2026-08-08 16:00:00,81.57,5.85,2.23,129.49,84.6,6,852.1,Operação Normal
BATCH-2026-513,Planta_SP,2026-08-08 20:00:00,85.83,6.22,3.17,101.36,98.1,6,691.53,Operação Normal
BATCH-2026-514,Planta_MG,2026-08-09 00:00:00,75.66,6.45,3.68,85.96,83.5,7,819.1,Operação Normal
BATCH-2026-515,Planta_PR,2026-08-09 04:00:00,84.5,5.48,3.58,105.34,93.6,3,750.23,Operação Normal
BATCH-2026-516,Planta_PR,2026-08-09 08:00:00,87.88,5.93,3.27,116.36,90.6,4,796.96,Operação Normal
BATCH-2026-517,Planta_SP,2026-08-09 12:00:00,75.91,5.35,3.61,158.7,81.7,4,912.09,Operação Normal
BATCH-2026-518,Planta_SP,2026-08-09 16:00:00,77.13,6.57,2.93,128.15,85.7,1,799.48,Operação Normal
BATCH-2026-519,Planta_PR,2026-08-09 20:00:00,76.29,6.41,3.21,92.89,90.4,9,941.71,Operação Normal
BATCH-2026-520,Planta_MG,2026-08-10 00:00:00,80.63,5.86,2.56,109.66,97.0,2,769.66,Operação Normal
BATCH-2026-521,Planta_PR,2026-08-10 04:00:00,70.55,5.8,3.05,119.2,94.2,1,649.52,Operação Normal
BATCH-2026-522,Planta_SP,2026-08-10 08:00:00,76.0,5.93,3.56,123.81,92.4,3,780.79,Operação Normal
BATCH-2026-523,Planta_SP,2026-08-10 12:00:00,76.91,5.55,2.61,100.28,89.9,3,870.71,Operação Normal
BATCH-2026-524,Planta_PR,2026-08-10 16:00:00,76.56,5.91,2.47,117.98,86.0,3,806.07,Operação Normal
BATCH-2026-525,Planta_MG,2026-08-10 20:00:00,76.52,5.48,2.95,109.24,82.4,2,765.01,Operação Normal
BATCH-2026-526,Planta_MG,2026-08-11 00:00:00,76.04,6.45,2.79,103.44,88.2,3,779.17,Operação Normal
BATCH-2026-527,Planta_SP,2026-08-11 04:00:00,81.11,6.57,3.22,123.89,80.6,4,843.78,Operação Normal
BATCH-2026-528,Planta_PR,2026-08-11 08:00:00,80.15,6.47,2.67,131.61,84.2,1,642.74,Operação Normal
BATCH-2026-529,Planta_PR,2026-08-11 12:00:00,84.81,,3.76,132.62,88.6,1,751.73,Operação Normal
BATCH-2026-530,Planta_SP,2026-08-11 16:00:00,81.12,5.9,2.26,128.62,88.4,3,804.61,Operação Normal
BATCH-2026-531,Planta_PR,2026-08-11 20:00:00,73.61,6.29,3.53,112.54,80.9,4,866.65,Operação Normal
BATCH-2026-532,Planta_SP,2026-08-12 00:00:00,77.32,6.38,2.52,130.72,91.8,3,812.68,Operação Normal
BATCH-2026-533,Planta_MG,2026-08-12 04:00:00,76.9,5.08,2.0,124.64,91.0,0,642.02,Operação Normal
BATCH-2026-534,Planta_MG,2026-08-12 08:00:00,79.02,6.37,3.02,122.01,81.6,6,891.12,Operação Normal
BATCH-2026-535,Planta_PR,2026-08-12 12:00:00,82.37,5.38,2.77,110.82,98.9,6,809.29,Operação Normal
BATCH-2026-536,Planta_MG,2026-08-12 16:00:00,78.74,5.92,2.35,112.55,82.0,1,666.75,Operação Normal
BATCH-2026-537,Planta_MG,2026-08-12 20:00:00,78.75,6.63,2.06,121.11,97.1,3,751.29,Operação Normal
BATCH-2026-538,Planta_SP,2026-08-13 00:00:00,78.04,6.56,2.9,156.6,80.0,2,859.0,Operação Normal
BATCH-2026-539,Planta_SP,2026-08-13 04:00:00,81.24,6.66,3.39,124.52,97.6,3,862.07,Operação Normal
BATCH-2026-540,Planta_PR,2026-08-13 08:00:00,75.72,5.47,3.19,110.83,80.4,3,798.64,Operação Normal
BATCH-2026-541,Planta_SP,2026-08-13 12:00:00,72.17,5.59,2.93,107.51,95.2,4,825.13,Operação Normal
BATCH-2026-542,Planta_PR,2026-08-13 16:00:00,80.58,5.72,3.14,112.62,87.2,3,801.37,Operação Normal
BATCH-2026-543,Planta_PR,2026-08-13 20:00:00,79.5,5.93,2.89,152.66,94.8,4,879.85,Operação Normal
BATCH-2026-544,Planta_SP,2026-08-14 00:00:00,83.29,6.11,2.19,114.01,88.0,4,840.07,Operação Normal
BATCH-2026-545,Planta_MG,2026-08-14 04:00:00,68.29,6.64,2.19,133.6,81.4,3,694.55,Operação Normal
BATCH-2026-546,Planta_MG,2026-08-14 08:00:00,77.6,5.54,2.8,114.36,95.4,2,761.4,Operação Normal
BATCH-2026-547,Planta_MG,2026-08-14 12:00:00,78.43,5.69,2.82,123.92,81.4,4,770.81,Operação Normal
BATCH-2026-548,Planta_MG,2026-08-14 16:00:00,71.96,6.71,3.33,131.88,98.4,3,870.52,Operação Normal
BATCH-2026-549,Planta_PR,2026-08-14 20:00:00,77.65,5.42,3.28,111.42,81.0,4,793.2,Operação Normal
BATCH-2026-550,Planta_MG,2026-08-15 00:00:00,82.75,6.36,3.2,110.38,89.6,2,750.24,Operação Normal
BATCH-2026-551,Planta_PR,2026-08-15 04:00:00,86.34,5.96,2.76,144.88,94.5,3,760.54,Operação Normal
BATCH-2026-552,Planta_SP,2026-08-15 08:00:00,81.93,6.19,2.21,134.77,87.9,3,868.43,Operação Normal
BATCH-2026-553,Planta_SP,2026-08-15 12:00:00,76.7,5.59,3.11,131.86,84.3,4,868.71,Operação Normal
BATCH-2026-554,Planta_PR,2026-08-15 16:00:00,83.05,6.35,3.16,131.81,95.2,2,815.1,Operação Normal
BATCH-2026-555,Planta_MG,2026-08-15 20:00:00,81.65,5.67,1.71,126.89,95.7,4,787.76,Operação Normal
BATCH-2026-556,Planta_PR,2026-08-16 00:00:00,76.06,5.29,2.48,150.27,98.5,2,781.8,Operação Normal
BATCH-2026-557,Planta_MG,2026-08-16 04:00:00,75.67,6.24,2.55,120.66,87.5,3,803.37,Operação Normal
BATCH-2026-558,Planta_MG,2026-08-16 08:00:00,77.33,4.75,2.96,128.66,90.1,4,796.86,Operação Normal
BATCH-2026-559,Planta_PR,2026-08-16 12:00:00,73.8,5.72,2.5,98.24,87.3,4,798.57,Operação Normal
BATCH-2026-560,Planta_PR,2026-08-16 16:00:00,76.76,6.15,2.88,107.63,85.1,4,685.68,Operação Normal
BATCH-2026-561,Planta_MG,2026-08-16 20:00:00,79.95,6.38,2.79,101.99,95.0,2,709.2,Operação Normal
BATCH-2026-562,Planta_PR,2026-08-17 00:00:00,82.15,6.61,2.82,139.11,86.8,0,840.24,Operação Normal
BATCH-2026-563,Planta_MG,2026-08-17 04:00:00,76.48,6.89,2.54,81.71,88.6,3,744.06,Operação Normal
BATCH-2026-564,Planta_PR,2026-08-17 08:00:00,83.55,6.74,2.58,113.97,88.1,2,763.48,Operação Normal
BATCH-2026-565,Planta_SP,2026-08-17 12:00:00,80.6,6.1,2.36,75.09,94.3,3,809.43,Operação Normal
BATCH-2026-566,Planta_MG,2026-08-17 16:00:00,80.78,6.56,3.09,107.53,98.4,1,601.76,Operação Normal
BATCH-2026-567,Planta_SP,2026-08-17 20:00:00,74.32,6.09,3.19,112.64,93.3,3,736.98,Operação Normal
BATCH-2026-568,Planta_PR,2026-08-18 00:00:00,85.23,,2.51,140.77,89.4,3,808.33,Operação Normal
BATCH-2026-569,Planta_SP,2026-08-18 04:00:00,80.21,5.7,3.66,125.95,95.6,2,819.63,Operação Normal
BATCH-2026-570,Planta_PR,2026-08-18 08:00:00,76.67,6.23,2.74,107.5,92.8,0,737.29,Operação Normal
BATCH-2026-571,Planta_MG,2026-08-18 12:00:00,75.96,5.76,3.67,135.99,81.2,5,826.48,Operação Normal
BATCH-2026-572,Planta_PR,2026-08-18 16:00:00,76.76,5.91,2.58,120.27,81.9,4,866.38,Operação Normal
BATCH-2026-573,Planta_PR,2026-08-18 20:00:00,73.93,6.23,1.89,120.56,80.8,2,746.85,Operação Normal
BATCH-2026-574,Planta_MG,2026-08-19 00:00:00,81.95,7.05,3.1,101.96,89.1,2,794.11,Operação Normal
BATCH-2026-575,Planta_PR,2026-08-19 04:00:00,74.34,,3.02,105.15,96.5,2,687.64,Operação Normal
BATCH-2026-576,Planta_MG,2026-08-19 08:00:00,79.16,5.99,2.92,107.62,86.3,2,737.56,Operação Normal
BATCH-2026-577,Planta_PR,2026-08-19 12:00:00,76.2,5.58,2.58,120.7,87.7,5,817.75,Operação Normal
BATCH-2026-578,Planta_MG,2026-08-19 16:00:00,80.68,6.45,2.88,121.17,98.2,6,920.9,Operação Normal
BATCH-2026-579,Planta_SP,2026-08-19 20:00:00,81.23,5.83,2.64,143.16,96.7,3,806.55,Operação Normal
BATCH-2026-580,Planta_PR,2026-08-20 00:00:00,75.42,6.19,2.75,125.78,93.3,3,799.27,Operação Normal
BATCH-2026-581,Planta_PR,2026-08-20 04:00:00,77.86,6.35,3.32,79.39,85.3,1,693.24,Operação Normal
BATCH-2026-582,Planta_PR,2026-08-20 08:00:00,72.23,6.63,2.99,123.94,82.3,2,800.35,Operação Normal
BATCH-2026-583,Planta_MG,2026-08-20 12:00:00,84.8,6.42,3.2,98.25,80.3,4,821.2,Operação Normal
BATCH-2026-584,Planta_PR,2026-08-20 16:00:00,82.27,5.39,2.78,105.51,82.1,3,775.48,Operação Normal
BATCH-2026-585,Planta_MG,2026-08-20 20:00:00,72.42,5.14,2.73,107.82,85.9,2,723.16,Operação Normal
BATCH-2026-586,Planta_PR,2026-08-21 00:00:00,74.53,6.35,2.32,110.05,91.0,3,755.6,Operação Normal
BATCH-2026-587,Planta_SP,2026-08-21 04:00:00,77.46,6.04,2.71,99.37,81.3,0,680.15,Operação Normal
BATCH-2026-588,Planta_PR,2026-08-21 08:00:00,78.16,6.2,1.24,123.05,82.7,2,783.97,Operação Normal
BATCH-2026-589,Planta_SP,2026-08-21 12:00:00,75.26,6.86,2.6,98.84,83.6,1,695.55,Operação Normal
BATCH-2026-590,Planta_MG,2026-08-21 16:00:00,73.42,5.69,2.86,125.35,92.6,3,801.59,Operação Normal
BATCH-2026-591,Planta_SP,2026-08-21 20:00:00,79.58,6.65,3.18,153.55,92.3,4,800.54,Operação Normal
BATCH-2026-592,Planta_PR,2026-08-22 00:00:00,84.96,5.7,2.77,100.06,91.0,5,838.48,Operação Normal
BATCH-2026-593,Planta_PR,2026-08-22 04:00:00,78.22,6.78,3.07,115.73,85.0,1,742.37,Operação Normal
BATCH-2026-594,Planta_MG,2026-08-22 08:00:00,76.83,6.38,1.81,82.15,87.4,6,847.96,Operação Normal
BATCH-2026-595,Planta_PR,2026-08-22 12:00:00,76.41,5.25,2.87,115.49,81.9,1,732.88,Operação Normal
BATCH-2026-596,Planta_PR,2026-08-22 16:00:00,73.61,5.79,2.06,129.64,84.5,1,671.43,Operação Normal
BATCH-2026-597,Planta_MG,2026-08-22 20:00:00,75.31,6.96,2.3,130.81,98.0,1,742.53,Operação Normal
BATCH-2026-598,Planta_MG,2026-08-23 00:00:00,82.54,6.9,2.81,121.16,99.6,2,758.09,Operação Normal
BATCH-2026-599,Planta_SP,2026-08-23 04:00:00,69.72,6.3,3.54,133.34,93.0,5,902.16,Operação Normal
BATCH-2026-600,Planta_MG,2026-08-23 08:00:00,78.28,6.18,3.09,158.19,98.3,3,756.23,Operação Normal
BATCH-2026-601,Planta_PR,2026-08-23 12:00:00,78.11,6.12,2.91,145.68,92.9,3,839.29,Operação Normal
BATCH-2026-602,Planta_MG,2026-08-23 16:00:00,78.47,6.22,2.89,112.16,80.7,5,852.58,Operação Normal
BATCH-2026-603,Planta_PR,2026-08-23 20:00:00,80.91,5.93,2.54,98.23,99.9,4,743.75,Operação Normal
BATCH-2026-604,Planta_SP,2026-08-24 00:00:00,78.24,6.61,2.63,113.91,82.0,2,758.77,Operação Normal
BATCH-2026-605,Planta_MG,2026-08-24 04:00:00,76.18,6.29,3.11,105.8,93.7,1,684.08,Operação Normal
BATCH-2026-606,Planta_PR,2026-08-24 08:00:00,75.37,5.52,2.21,126.77,85.1,2,741.71,Operação Normal
BATCH-2026-607,Planta_MG,2026-08-24 12:00:00,83.19,6.33,3.2,102.28,87.8,4,763.69,Operação Normal
BATCH-2026-608,Planta_MG,2026-08-24 16:00:00,82.16,6.08,2.71,118.91,92.9,2,728.5,Operação Normal
BATCH-2026-609,Planta_MG,2026-08-24 20:00:00,89.51,5.84,3.31,132.57,88.7,3,847.81,Alerta Crítico
BATCH-2026-610,Planta_MG,2026-08-25 00:00:00,76.88,6.95,3.38,118.49,85.0,4,776.53,Operação Normal
BATCH-2026-611,Planta_SP,2026-08-25 04:00:00,75.45,6.05,2.06,105.81,86.7,5,770.3,Operação Normal
BATCH-2026-612,Planta_PR,2026-08-25 08:00:00,79.81,5.02,2.61,137.62,86.8,0,836.12,Operação Normal
BATCH-2026-613,Planta_MG,2026-08-25 12:00:00,79.72,,2.47,91.82,99.2,5,838.3,Operação Normal
BATCH-2026-614,Planta_PR,2026-08-25 16:00:00,80.55,6.5,1.99,115.08,96.0,7,789.07,Operação Normal
BATCH-2026-615,Planta_SP,2026-08-25 20:00:00,81.39,5.54,2.38,119.38,89.2,3,751.64,Operação Normal
BATCH-2026-616,Planta_PR,2026-08-26 00:00:00,80.51,6.48,4.12,120.24,84.0,3,803.55,Operação Normal
BATCH-2026-617,Planta_PR,2026-08-26 04:00:00,82.3,5.5,3.2,122.71,96.2,2,787.06,Operação Normal
BATCH-2026-618,Planta_SP,2026-08-26 08:00:00,82.83,6.67,3.86,129.16,83.1,5,782.96,Operação Normal
BATCH-2026-619,Planta_MG,2026-08-26 12:00:00,82.9,5.71,3.31,119.47,84.2,2,822.97,Operação Normal
BATCH-2026-620,Planta_PR,2026-08-26 16:00:00,68.95,5.82,2.53,114.48,87.3,5,872.32,Operação Normal
BATCH-2026-621,Planta_PR,2026-08-26 20:00:00,78.93,5.79,2.71,113.89,97.6,2,779.09,Operação Normal
BATCH-2026-622,Planta_MG,2026-08-27 00:00:00,74.31,6.3,3.19,110.83,82.6,1,792.33,Operação Normal
BATCH-2026-623,Planta_MG,2026-08-27 04:00:00,82.22,6.92,3.12,131.81,82.4,3,834.88,Operação Normal
BATCH-2026-624,Planta_PR,2026-08-27 08:00:00,68.87,6.01,2.61,110.3,89.9,3,795.97,Operação Normal
BATCH-2026-625,Planta_SP,2026-08-27 12:00:00,83.88,5.99,2.15,132.7,85.5,2,866.75,Operação Normal
BATCH-2026-626,Planta_MG,2026-08-27 16:00:00,74.54,5.71,4.54,120.28,91.4,5,896.57,Alerta Crítico
BATCH-2026-627,Planta_MG,2026-08-27 20:00:00,73.62,5.19,2.83,112.18,89.0,2,709.85,Operação Normal
BATCH-2026-628,Planta_SP,2026-08-28 00:00:00,79.42,5.76,2.74,129.28,88.7,8,964.36,Operação Normal
BATCH-2026-629,Planta_PR,2026-08-28 04:00:00,76.51,5.37,2.96,109.09,82.2,4,763.15,Operação Normal
BATCH-2026-630,Planta_MG,2026-08-28 08:00:00,85.12,5.06,2.78,129.57,82.8,6,908.44,Operação Normal
BATCH-2026-631,Planta_PR,2026-08-28 12:00:00,83.45,5.96,2.96,123.19,96.4,4,845.57,Operação Normal
BATCH-2026-632,Planta_PR,2026-08-28 16:00:00,75.96,5.73,3.54,111.06,97.7,1,655.73,Operação Normal
BATCH-2026-633,Planta_PR,2026-08-28 20:00:00,82.17,6.69,2.84,127.93,84.7,6,874.18,Operação Normal
BATCH-2026-634,Planta_SP,2026-08-29 00:00:00,75.82,5.57,2.32,128.2,82.3,5,869.02,Operação Normal
BATCH-2026-635,Planta_PR,2026-08-29 04:00:00,75.78,6.34,2.82,137.36,81.1,8,925.44,Operação Normal
BATCH-2026-636,Planta_PR,2026-08-29 08:00:00,80.86,6.33,2.67,134.49,92.2,2,807.82,Operação Normal
BATCH-2026-637,Planta_MG,2026-08-29 12:00:00,83.82,6.67,3.61,127.37,94.3,2,819.56,Operação Normal
BATCH-2026-638,Planta_MG,2026-08-29 16:00:00,76.24,5.91,3.49,103.09,87.5,5,809.03,Operação Normal
BATCH-2026-639,Planta_SP,2026-08-29 20:00:00,76.54,,2.95,156.73,93.6,4,893.34,Operação Normal
BATCH-2026-640,Planta_SP,2026-08-30 00:00:00,79.2,6.28,2.26,98.95,94.3,4,847.27,Operação Normal
BATCH-2026-641,Planta_MG,2026-08-30 04:00:00,74.42,6.57,2.29,134.24,98.7,5,890.29,Operação Normal
BATCH-2026-642,Planta_MG,2026-08-30 08:00:00,84.26,7.2,2.91,126.47,81.3,3,812.69,Operação Normal
BATCH-2026-643,Planta_SP,2026-08-30 12:00:00,74.39,5.94,3.07,102.39,83.8,3,711.39,Operação Normal
BATCH-2026-644,Planta_PR,2026-08-30 16:00:00,75.47,6.09,2.71,118.14,81.4,6,896.2,Operação Normal
BATCH-2026-645,Planta_SP,2026-08-30 20:00:00,85.07,,2.66,118.82,97.4,2,780.38,Operação Normal
BATCH-2026-646,Planta_PR,2026-08-31 00:00:00,78.86,6.77,2.6,139.58,95.9,3,890.44,Operação Normal
BATCH-2026-647,Planta_MG,2026-08-31 04:00:00,85.77,7.3,2.89,109.3,91.5,3,774.08,Operação Normal
BATCH-2026-648,Planta_MG,2026-08-31 08:00:00,77.12,6.37,1.71,116.07,81.7,2,668.11,Operação Normal
BATCH-2026-649,Planta_MG,2026-08-31 12:00:00,88.08,5.19,2.35,84.96,85.5,1,592.92,Alerta Crítico
